time,x,y,z,gforce
0.022,0.005,-0.006,1.006,1.006
0.023,0.008,-0.003,1.005,1.005
0.024,0.009,-0.002,1.003,1.003
0.029,0.007,-0.002,1.004,1.004
0.038,0.009,-0.003,1.005,1.005
0.055,0.009,-0.005,1.006,1.006
0.059,0.010,-0.004,1.004,1.004
0.078,0.009,-0.005,1.004,1.004
0.079,0.012,-0.005,1.005,1.005
0.089,0.009,-0.004,1.005,1.005
0.098,0.009,-0.003,1.005,1.005
0.116,0.007,-0.001,1.005,1.005
0.122,0.006,-0.002,1.005,1.005
0.139,0.008,-0.004,1.005,1.005
0.152,0.009,-0.004,1.006,1.006
0.173,0.009,-0.004,1.003,1.004
0.174,0.009,-0.003,1.005,1.005
0.188,0.008,-0.005,1.006,1.006
0.192,0.010,-0.003,1.005,1.005
0.198,0.009,-0.004,1.004,1.004
0.212,0.008,-0.003,1.006,1.006
0.218,0.007,-0.002,1.005,1.005
0.229,0.007,-0.002,1.004,1.004
0.245,0.008,-0.004,1.006,1.006
0.247,0.007,-0.005,1.004,1.004
0.279,0.008,-0.003,1.006,1.006
0.280,0.010,-0.005,1.005,1.005
0.281,0.011,-0.005,1.004,1.004
0.294,0.010,-0.004,1.006,1.006
0.311,0.009,-0.004,1.005,1.005
0.312,0.009,-0.004,1.004,1.004
0.326,0.008,-0.004,1.007,1.007
0.328,0.007,-0.002,1.005,1.005
0.345,0.008,-0.002,1.005,1.005
0.367,0.009,-0.004,1.006,1.006
0.368,0.010,-0.004,1.006,1.006
0.369,0.011,-0.004,1.006,1.006
0.381,0.011,-0.006,1.006,1.006
0.404,0.011,-0.005,1.005,1.005
0.408,0.011,-0.003,1.004,1.004
0.413,0.008,-0.004,1.005,1.005
0.418,0.007,-0.004,1.003,1.003
0.434,0.006,-0.004,1.004,1.004
0.447,0.006,-0.004,1.006,1.006
0.448,0.009,-0.003,1.006,1.006
0.474,0.009,-0.003,1.004,1.004
0.475,0.010,-0.004,1.006,1.006
0.480,0.010,-0.004,1.003,1.003
0.497,0.011,-0.003,1.004,1.005
0.498,0.009,-0.004,1.005,1.005
0.514,0.009,-0.005,1.004,1.004
0.519,0.008,-0.004,1.004,1.004
0.530,0.007,-0.002,1.004,1.004
0.547,0.009,-0.004,1.005,1.005
0.548,0.008,-0.004,1.004,1.005
0.578,0.008,-0.003,1.004,1.004
0.579,0.010,-0.005,1.005,1.005
0.580,0.009,-0.006,1.004,1.004
0.591,0.009,-0.004,1.004,1.004
0.609,0.009,-0.004,1.004,1.004
0.610,0.009,-0.004,1.004,1.004
0.618,0.009,-0.004,1.004,1.004
0.628,0.008,-0.002,1.006,1.006
0.653,0.007,-0.002,1.004,1.004
0.654,0.008,-0.000,1.004,1.004
0.660,0.008,-0.002,1.005,1.005
0.668,0.008,-0.005,1.005,1.005
0.678,0.010,-0.004,1.006,1.006
0.696,0.009,-0.004,1.005,1.005
0.698,0.010,-0.005,1.006,1.006
0.708,0.010,-0.004,1.005,1.005
0.719,0.009,-0.004,1.005,1.005
0.728,0.008,-0.004,1.004,1.005
0.751,0.008,-0.003,1.006,1.006
0.757,0.009,-0.003,1.005,1.005
0.759,0.008,-0.003,1.006,1.006
0.769,0.009,-0.004,1.004,1.004
0.780,0.009,-0.006,1.004,1.004
0.792,0.011,-0.004,1.005,1.005
0.798,0.011,-0.004,1.005,1.005
0.809,0.009,-0.005,1.005,1.005
0.818,0.008,-0.005,1.005,1.005
0.829,0.008,-0.003,1.006,1.006
0.853,0.008,-0.002,1.005,1.005
0.855,0.009,-0.003,1.005,1.005
0.862,0.009,-0.002,1.006,1.006
0.868,0.010,-0.003,1.005,1.005
0.879,0.010,-0.005,1.004,1.004
0.891,0.011,-0.003,1.004,1.005
0.899,0.010,-0.005,1.006,1.006
0.910,0.010,-0.004,1.007,1.007
0.919,0.009,-0.005,1.008,1.008
0.928,0.007,-0.004,1.006,1.006
0.959,0.009,-0.005,1.006,1.006
0.960,0.008,-0.004,1.004,1.005
0.961,0.008,-0.004,1.005,1.005
0.968,0.008,-0.005,1.005,1.005
0.979,0.008,-0.004,1.006,1.006
0.991,0.011,-0.004,1.005,1.005
0.998,0.011,-0.005,1.003,1.003
1.052,0.009,-0.004,1.004,1.004
1.053,0.009,-0.004,1.003,1.003
1.054,0.009,-0.005,1.004,1.004
1.055,0.009,-0.004,1.004,1.004
1.055,0.008,-0.002,1.005,1.005
1.078,0.009,-0.003,1.004,1.004
1.078,0.009,-0.003,1.004,1.004
1.079,0.008,-0.003,1.006,1.006
1.096,0.011,-0.004,1.004,1.004
1.098,0.011,-0.005,1.005,1.005
1.116,0.010,-0.004,1.005,1.005
1.119,0.009,-0.005,1.006,1.006
1.138,0.010,-0.003,1.005,1.005
1.139,0.008,-0.004,1.006,1.006
1.148,0.009,-0.004,1.005,1.005
1.159,0.008,-0.003,1.004,1.004
1.170,0.008,-0.003,1.005,1.005
1.183,0.009,-0.004,1.005,1.005
1.210,0.009,-0.003,1.005,1.005
1.211,0.010,-0.004,1.005,1.005
1.212,0.011,-0.004,1.007,1.007
1.221,0.008,-0.004,1.006,1.006
1.229,0.008,-0.004,1.007,1.007
1.243,0.008,-0.002,1.005,1.005
1.249,0.008,-0.002,1.004,1.004
1.260,0.008,-0.003,1.004,1.004
1.270,0.008,-0.005,1.004,1.004
1.283,0.009,-0.004,1.004,1.004
1.295,0.010,-0.005,1.005,1.005
1.299,0.010,-0.004,1.007,1.007
1.309,0.009,-0.005,1.006,1.006
1.324,0.010,-0.004,1.007,1.007
1.328,0.009,-0.003,1.007,1.007
1.341,0.009,-0.004,1.007,1.007
1.348,0.010,-0.003,1.004,1.004
1.359,0.008,-0.003,1.005,1.005
1.387,0.009,-0.003,1.004,1.004
1.390,0.009,-0.004,1.006,1.006
1.391,0.010,-0.004,1.005,1.005
1.399,0.010,-0.004,1.005,1.005
1.409,0.009,-0.004,1.006,1.006
1.422,0.008,-0.005,1.005,1.005
1.429,0.007,-0.003,1.006,1.006
1.440,0.010,-0.003,1.004,1.004
1.449,0.010,-0.004,1.005,1.005
1.469,0.008,-0.004,1.005,1.005
1.470,0.009,-0.003,1.005,1.005
1.479,0.009,-0.004,1.005,1.005
1.489,0.010,-0.004,1.005,1.005
1.500,0.009,-0.005,1.004,1.004
1.510,0.009,-0.003,1.005,1.005
1.529,0.009,-0.004,1.005,1.005
1.530,0.009,-0.004,1.005,1.005
1.539,0.009,-0.003,1.004,1.004
1.548,0.008,-0.003,1.004,1.004
1.567,0.009,-0.002,1.006,1.006
1.569,0.007,-0.004,1.005,1.005
1.579,0.010,-0.003,1.006,1.006
1.589,0.010,-0.004,1.006,1.006
1.599,0.010,-0.003,1.005,1.005
1.609,0.009,-0.003,1.005,1.005
1.623,0.009,-0.004,1.004,1.004
1.629,0.009,-0.003,1.006,1.006
1.640,0.008,-0.004,1.004,1.004
1.649,0.008,-0.003,1.005,1.005
1.659,0.009,-0.001,1.005,1.005
1.683,0.009,-0.004,1.005,1.005
1.685,0.009,-0.005,1.004,1.004
1.690,0.010,-0.004,1.006,1.006
1.701,0.009,-0.004,1.007,1.007
1.709,0.009,-0.006,1.005,1.005
1.725,0.009,-0.005,1.005,1.005
1.729,0.010,-0.004,1.006,1.006
1.741,0.008,-0.004,1.005,1.005
1.749,0.007,-0.003,1.005,1.005
1.768,0.008,-0.003,1.005,1.005
1.769,0.010,-0.003,1.005,1.005
1.779,0.009,-0.002,1.006,1.006
1.790,0.010,-0.004,1.007,1.007
1.801,0.010,-0.004,1.004,1.004
1.809,0.010,-0.004,1.004,1.004
1.836,0.009,-0.005,1.007,1.007
1.839,0.009,-0.004,1.007,1.007
1.840,0.008,-0.002,1.007,1.007
1.854,0.008,-0.004,1.005,1.005
1.860,0.008,-0.003,1.006,1.006
1.869,0.008,-0.003,1.005,1.005
1.889,0.008,-0.002,1.004,1.004
1.910,0.008,-0.004,1.003,1.003
1.911,0.008,-0.004,1.004,1.005
1.925,0.009,-0.004,1.004,1.004
1.927,0.007,-0.003,1.004,1.004
1.941,0.009,-0.004,1.004,1.004
1.942,0.008,-0.004,1.005,1.005
1.956,0.009,-0.004,1.005,1.005
1.971,0.008,-0.003,1.003,1.003
1.972,0.008,-0.004,1.004,1.004
1.996,0.008,-0.005,1.005,1.005
1.999,0.008,-0.005,1.005,1.005
2.001,0.009,-0.004,1.004,1.004
2.033,0.010,-0.004,1.003,1.003
2.034,0.011,-0.003,1.007,1.007
2.034,0.010,-0.003,1.006,1.006
2.057,0.008,-0.003,1.006,1.006
2.057,0.007,-0.005,1.005,1.005
2.063,0.008,-0.006,1.005,1.005
2.079,0.008,-0.004,1.004,1.004
2.081,0.007,-0.004,1.005,1.005
2.092,0.008,-0.004,1.004,1.004
2.103,0.010,-0.005,1.005,1.005
2.109,0.009,-0.004,1.004,1.004
2.121,0.009,-0.004,1.005,1.005
2.129,0.009,-0.003,1.005,1.005
2.139,0.009,-0.003,1.007,1.007
2.152,0.009,-0.002,1.006,1.006
2.160,0.010,-0.004,1.005,1.005
2.170,0.009,-0.003,1.006,1.006
2.180,0.010,-0.004,1.007,1.007
2.198,0.008,-0.004,1.004,1.004
2.214,0.008,-0.003,1.005,1.005
2.215,0.009,-0.005,1.005,1.005
2.227,0.009,-0.004,1.005,1.005
2.230,0.010,-0.003,1.004,1.004
2.240,0.008,-0.003,1.005,1.005
2.255,0.009,-0.003,1.005,1.005
2.261,0.010,-0.003,1.006,1.006
2.273,0.010,-0.003,1.004,1.004
2.282,0.006,-0.000,1.017,1.017
2.299,0.002,0.006,0.993,0.993
2.306,0.010,-0.007,1.009,1.009
2.313,0.018,-0.010,0.999,0.999
2.326,0.021,-0.011,1.015,1.015
2.330,0.021,-0.008,0.997,0.998
2.341,0.007,-0.005,1.007,1.007
2.356,0.005,0.002,1.005,1.005
2.360,-0.002,0.006,1.002,1.002
2.374,-0.004,0.003,1.010,1.010
2.380,0.004,0.003,1.005,1.005
2.412,0.006,-0.003,1.006,1.006
2.414,0.015,-0.007,1.006,1.006
2.414,0.020,-0.009,1.005,1.005
2.421,0.020,-0.011,1.006,1.007
2.430,0.018,-0.008,1.005,1.005
2.463,0.009,-0.005,1.005,1.005
2.466,0.009,-0.005,1.005,1.005
2.467,0.004,0.001,1.006,1.006
2.474,0.000,0.005,1.008,1.008
2.480,-0.003,0.005,1.007,1.007
2.491,-0.000,0.001,1.006,1.006
2.506,0.006,-0.003,1.004,1.004
2.510,0.013,-0.006,1.005,1.005
2.521,0.019,-0.010,1.004,1.004
2.530,0.018,-0.009,1.005,1.006
2.541,0.017,-0.008,1.005,1.005
2.557,0.010,-0.006,1.005,1.005
2.560,0.004,-0.001,1.005,1.005
2.570,0.001,0.003,1.004,1.004
2.581,-0.003,0.004,1.004,1.004
2.595,0.001,0.001,1.005,1.005
2.609,0.006,-0.002,1.004,1.004
2.610,0.014,-0.007,1.006,1.006
2.620,0.018,-0.010,1.006,1.006
2.630,0.018,-0.011,1.006,1.006
2.643,0.016,-0.009,1.006,1.007
2.652,0.011,-0.005,1.006,1.006
2.660,0.004,-0.001,1.007,1.007
2.672,-0.000,0.003,1.006,1.006
2.681,-0.000,0.003,1.006,1.006
2.697,0.002,0.001,1.005,1.005
2.711,0.007,-0.003,1.005,1.005
2.713,0.014,-0.006,1.005,1.005
2.723,0.017,-0.009,1.006,1.006
2.731,0.019,-0.009,1.008,1.008
2.740,0.017,-0.009,1.006,1.006
2.754,0.011,-0.004,1.005,1.005
2.761,0.005,0.001,1.004,1.004
2.771,0.001,0.001,1.005,1.005
2.780,0.000,0.002,1.006,1.006
2.802,0.002,0.001,1.007,1.007
2.803,0.005,-0.003,1.006,1.006
2.810,0.011,-0.005,1.005,1.005
2.824,0.016,-0.008,1.005,1.005
2.831,0.018,-0.009,1.004,1.005
2.841,0.016,-0.008,1.005,1.005
2.853,0.011,-0.004,1.006,1.006
2.860,0.005,-0.001,1.006,1.006
2.871,0.002,0.001,1.006,1.006
2.894,-0.001,0.001,1.007,1.007
2.895,0.001,-0.000,1.005,1.005
2.908,0.008,-0.002,1.005,1.005
2.922,0.013,-0.006,1.004,1.004
2.923,0.013,-0.006,1.004,1.004
2.930,0.016,-0.007,1.005,1.006
2.942,0.018,-0.007,1.004,1.005
2.953,0.015,-0.007,1.005,1.006
2.962,0.010,-0.006,1.006,1.006
2.971,0.007,-0.001,1.004,1.004
2.983,0.001,0.002,1.005,1.005
3.024,0.001,-0.000,1.006,1.006
3.026,0.003,0.001,1.006,1.006
3.063,0.007,-0.002,1.005,1.005
3.065,0.012,-0.006,1.005,1.005
3.067,0.015,-0.009,1.006,1.006
3.068,0.016,-0.010,1.007,1.007
3.070,0.014,-0.007,1.006,1.006
3.071,0.011,-0.006,1.005,1.005
3.073,0.006,-0.003,1.004,1.004
3.095,0.003,-0.001,1.005,1.005
3.096,0.002,0.002,1.007,1.007
3.100,0.003,0.001,1.006,1.006
3.110,0.007,-0.002,1.007,1.007
3.129,0.010,-0.004,1.005,1.005
3.136,0.014,-0.007,1.005,1.005
3.140,0.017,-0.006,1.005,1.005
3.151,0.015,-0.007,1.005,1.006
3.161,0.012,-0.004,1.006,1.006
3.186,0.007,-0.000,1.003,1.003
3.186,0.002,-0.001,1.005,1.005
3.191,0.001,0.000,1.005,1.005
3.203,0.003,-0.001,1.005,1.005
3.210,0.007,-0.003,1.005,1.005
3.221,0.010,-0.006,1.006,1.006
3.232,0.015,-0.008,1.006,1.006
3.243,0.016,-0.006,1.007,1.007
3.251,0.013,-0.006,1.005,1.005
3.261,0.011,-0.004,1.004,1.004
3.272,0.007,-0.003,1.004,1.004
3.302,0.003,-0.000,1.005,1.005
3.306,0.000,-0.000,1.005,1.005
3.307,0.003,0.000,1.005,1.005
3.312,0.006,-0.001,1.005,1.005
3.321,0.011,-0.006,1.006,1.006
3.332,0.015,-0.007,1.004,1.004
3.342,0.016,-0.007,1.004,1.004
3.353,0.016,-0.006,1.004,1.004
3.369,0.012,-0.005,1.005,1.005
3.394,0.007,-0.002,1.005,1.005
3.395,0.004,-0.001,1.005,1.005
3.407,0.002,-0.002,1.006,1.006
3.411,0.002,-0.001,1.005,1.005
3.422,0.006,-0.003,1.004,1.004
3.431,0.009,-0.005,1.006,1.006
3.441,0.013,-0.008,1.004,1.005
3.454,0.015,-0.007,1.005,1.005
3.461,0.014,-0.006,1.005,1.005
3.483,0.011,-0.004,1.006,1.006
3.484,0.006,-0.002,1.006,1.006
3.491,0.003,-0.001,1.005,1.005
3.524,0.001,-0.000,1.003,1.003
3.526,0.004,0.000,1.006,1.006
3.527,0.008,-0.003,1.005,1.005
3.538,0.011,-0.004,1.005,1.005
3.544,0.008,0.002,1.012,1.012
3.554,-0.005,-0.001,0.997,0.997
3.562,0.023,-0.011,1.017,1.017
3.577,0.026,-0.015,0.995,0.995
3.606,0.033,-0.020,1.020,1.021
3.608,0.026,-0.010,0.992,0.993
3.609,-0.002,-0.000,1.011,1.011
3.611,-0.012,0.014,1.002,1.002
3.621,-0.018,0.016,1.002,1.003
3.632,-0.014,0.012,1.007,1.007
3.641,0.001,0.004,1.002,1.002
3.651,0.015,-0.008,1.009,1.009
3.662,0.031,-0.016,1.006,1.006
3.673,0.037,-0.021,1.007,1.008
3.699,0.031,-0.019,1.007,1.008
3.702,0.020,-0.009,1.004,1.005
3.702,0.001,-0.000,1.007,1.007
3.711,-0.013,0.011,1.006,1.006
3.725,-0.019,0.016,1.005,1.006
3.734,-0.014,0.012,1.004,1.005
3.741,-0.001,0.004,1.005,1.005
3.753,0.015,-0.007,1.005,1.005
3.761,0.029,-0.017,1.006,1.007
3.772,0.034,-0.021,1.005,1.006
3.796,0.028,-0.016,1.008,1.008
3.798,0.019,-0.008,1.007,1.007
3.802,0.001,-0.000,1.004,1.004
3.816,-0.011,0.009,1.006,1.006
3.822,-0.017,0.013,1.005,1.005
3.844,-0.015,0.011,1.005,1.005
3.847,-0.015,0.011,1.005,1.005
3.853,-0.002,0.004,1.004,1.004
3.862,0.013,-0.007,1.005,1.005
3.871,0.028,-0.015,1.006,1.007
3.899,0.032,-0.019,1.005,1.006
3.904,0.031,-0.017,1.007,1.007
3.905,0.019,-0.010,1.007,1.007
3.913,0.003,-0.002,1.007,1.007
3.922,-0.010,0.008,1.007,1.007
3.932,-0.014,0.011,1.004,1.004
3.941,-0.012,0.010,1.003,1.003
3.953,-0.003,0.005,1.005,1.005
3.963,0.013,-0.006,1.004,1.004
3.980,0.025,-0.013,1.004,1.005
3.982,0.031,-0.017,1.004,1.005
3.991,0.028,-0.017,1.005,1.006
4.002,0.017,-0.010,1.005,1.005
4.017,0.005,-0.002,1.005,1.005
4.034,-0.007,0.008,1.005,1.005
4.035,-0.014,0.012,1.005,1.006
4.053,-0.011,0.010,1.006,1.006
4.054,-0.000,0.004,1.006,1.006
4.064,0.013,-0.007,1.005,1.005
4.071,0.025,-0.011,1.007,1.007
4.094,0.029,-0.016,1.006,1.007
4.095,0.028,-0.015,1.005,1.005
4.101,0.019,-0.010,1.005,1.005
4.116,0.007,-0.002,1.005,1.005
4.121,-0.007,0.007,1.004,1.004
4.133,-0.012,0.010,1.003,1.003
4.142,-0.012,0.010,1.004,1.004
4.157,-0.002,0.005,1.005,1.005
4.163,0.011,-0.005,1.004,1.004
4.187,0.021,-0.011,1.005,1.005
4.188,0.027,-0.014,1.006,1.007
4.191,0.026,-0.015,1.003,1.004
4.203,0.018,-0.010,1.005,1.005
4.214,0.006,-0.002,1.006,1.006
4.221,-0.003,0.004,1.006,1.006
4.234,-0.009,0.010,1.005,1.005
4.241,-0.009,0.009,1.004,1.004
4.252,-0.004,0.003,1.005,1.005
4.275,0.009,-0.004,1.006,1.006
4.276,0.021,-0.011,1.005,1.005
4.284,0.026,-0.014,1.006,1.006
4.316,0.027,-0.012,1.003,1.004
4.317,0.027,-0.012,1.003,1.004
4.317,0.018,-0.010,1.003,1.003
4.322,0.008,-0.004,1.005,1.005
4.332,-0.001,0.004,1.004,1.004
4.341,-0.010,0.008,1.005,1.005
4.352,-0.010,0.008,1.006,1.006
4.365,-0.002,0.003,1.005,1.005
4.371,0.011,-0.004,1.005,1.005
4.382,0.021,-0.011,1.005,1.006
4.391,0.026,-0.013,1.005,1.005
4.412,0.025,-0.012,1.007,1.007
4.414,0.019,-0.010,1.007,1.007
4.422,0.010,-0.005,1.004,1.004
4.432,-0.002,0.003,1.006,1.006
4.452,-0.007,0.008,1.006,1.006
4.453,-0.007,0.007,1.005,1.005
4.466,-0.001,0.003,1.007,1.007
4.471,0.009,-0.003,1.004,1.004
4.482,0.019,-0.009,1.004,1.004
4.491,0.026,-0.013,1.004,1.005
4.507,0.025,-0.012,1.006,1.007
4.514,0.018,-0.009,1.004,1.004
4.528,0.008,-0.005,1.005,1.005
4.532,0.000,0.001,1.004,1.004
4.542,-0.007,0.007,1.005,1.005
4.552,-0.008,0.007,1.005,1.005
4.566,-0.002,0.003,1.005,1.005
4.572,0.009,-0.003,1.004,1.004
4.582,0.016,-0.008,1.004,1.005
4.592,0.023,-0.012,1.006,1.006
4.614,0.024,-0.013,1.005,1.005
4.616,0.018,-0.010,1.004,1.005
4.625,0.008,-0.004,1.005,1.005
4.638,-0.000,0.001,1.005,1.005
4.642,-0.005,0.007,1.006,1.006
4.652,-0.006,0.007,1.004,1.004
4.666,-0.000,0.002,1.007,1.007
4.672,0.007,-0.005,1.004,1.005
4.683,0.017,-0.009,1.004,1.004
4.692,0.021,-0.012,1.006,1.006
4.715,0.022,-0.011,1.006,1.006
4.717,0.018,-0.009,1.005,1.005
4.723,0.009,-0.003,1.003,1.003
4.733,0.002,0.002,1.004,1.004
4.748,-0.005,0.004,1.004,1.004
4.765,-0.005,0.005,1.006,1.006
4.766,-0.005,0.005,1.006,1.006
4.772,-0.001,0.002,1.005,1.005
4.782,0.007,-0.005,1.006,1.006
4.792,0.015,-0.008,1.006,1.007
4.811,0.021,-0.011,1.003,1.004
4.812,0.021,-0.012,1.005,1.005
4.822,0.018,-0.009,1.005,1.005
4.832,0.010,-0.004,1.005,1.005
4.843,0.002,0.001,1.005,1.005
4.852,-0.003,0.005,1.005,1.005
4.866,-0.003,0.006,1.004,1.004
4.872,0.001,0.003,1.005,1.005
4.882,0.006,-0.002,1.005,1.005
4.892,0.015,-0.007,1.005,1.005
4.905,0.022,-0.009,1.004,1.004
4.926,0.022,-0.010,1.004,1.005
4.927,0.019,-0.008,1.006,1.006
4.932,0.011,-0.005,1.006,1.006
4.947,0.002,0.001,1.004,1.004
4.952,-0.002,0.004,1.006,1.006
4.964,-0.002,0.004,1.003,1.003
4.972,0.000,0.003,1.004,1.004
4.985,0.006,-0.002,1.003,1.003
5.014,0.014,-0.007,1.006,1.006
5.015,0.019,-0.011,1.007,1.007
5.028,0.020,-0.013,1.005,1.005
5.043,0.017,-0.009,1.006,1.006
5.044,0.011,-0.005,1.005,1.005
5.044,0.004,0.001,1.004,1.004
5.060,-0.000,0.004,1.006,1.006
5.069,-0.003,0.005,1.007,1.007
5.073,0.001,0.003,1.004,1.004
5.082,0.008,-0.004,1.005,1.005
5.095,0.014,-0.008,1.005,1.005
5.113,0.018,-0.010,1.005,1.005
5.113,0.019,-0.011,1.007,1.007
5.122,0.017,-0.008,1.004,1.004
5.132,0.011,-0.005,1.003,1.003
5.146,0.005,-0.002,1.003,1.003
5.152,-0.000,0.002,1.004,1.004
5.165,-0.002,0.005,1.006,1.006
5.172,0.001,0.001,1.006,1.006
5.196,0.006,-0.003,1.005,1.005
5.197,0.015,-0.006,1.004,1.004
5.206,0.019,-0.009,1.006,1.006
5.226,0.020,-0.010,1.005,1.005
5.227,0.020,-0.010,1.005,1.005
5.232,0.017,-0.008,1.006,1.006
5.247,0.013,-0.003,1.006,1.006
5.252,0.006,0.000,1.006,1.006
5.266,0.001,0.002,1.005,1.005
5.275,-0.002,0.004,1.005,1.005
5.283,0.001,0.001,1.005,1.005
5.306,0.006,-0.002,1.005,1.005
5.307,0.012,-0.008,1.005,1.005
5.324,0.017,-0.010,1.005,1.006
5.324,0.018,-0.009,1.006,1.006
5.346,0.015,-0.009,1.005,1.005
5.349,0.011,-0.005,1.006,1.006
5.352,0.004,-0.001,1.005,1.005
5.362,0.001,0.002,1.004,1.004
5.372,-0.002,0.004,1.005,1.005
5.392,0.019,-0.012,1.017,1.017
5.393,0.027,-0.026,1.006,1.007
5.403,0.026,0.007,1.009,1.010
5.413,-0.033,0.018,1.000,1.001
5.422,-0.024,0.015,0.997,0.998
5.433,-0.009,0.012,1.004,1.004
5.445,0.009,-0.004,1.002,1.002
5.453,0.031,-0.016,1.005,1.005
5.464,0.042,-0.023,1.005,1.006
5.473,0.042,-0.022,1.009,1.010
5.493,0.029,-0.017,1.007,1.007
5.494,0.010,-0.003,1.005,1.005
5.503,-0.011,0.011,1.004,1.004
5.513,-0.022,0.016,1.005,1.005
5.527,-0.024,0.017,1.005,1.005
5.532,-0.011,0.009,1.005,1.005
5.543,0.009,-0.002,1.006,1.006
5.552,0.026,-0.013,1.007,1.007
5.567,0.039,-0.022,1.006,1.007
5.573,0.039,-0.021,1.005,1.006
5.584,0.029,-0.015,1.005,1.006
5.617,0.011,-0.005,1.005,1.005
5.619,-0.008,0.006,1.005,1.005
5.619,-0.021,0.014,1.006,1.006
5.625,-0.022,0.017,1.004,1.004
5.633,-0.013,0.010,1.004,1.005
5.644,0.006,-0.001,1.004,1.004
5.653,0.024,-0.013,1.005,1.005
5.664,0.036,-0.020,1.005,1.006
5.683,0.038,-0.020,1.007,1.008
5.684,0.038,-0.020,1.007,1.008
5.703,0.029,-0.016,1.007,1.008
5.714,0.013,-0.006,1.005,1.005
5.714,-0.004,0.006,1.006,1.006
5.724,-0.017,0.013,1.003,1.004
5.733,-0.020,0.015,1.002,1.003
5.748,-0.013,0.010,1.004,1.004
5.753,0.004,0.000,1.005,1.005
5.764,0.023,-0.011,1.005,1.005
5.773,0.034,-0.020,1.005,1.006
5.783,0.037,-0.021,1.006,1.007
5.808,0.028,-0.015,1.006,1.006
5.810,0.013,-0.005,1.006,1.006
5.813,-0.003,0.004,1.006,1.006
5.828,-0.015,0.013,1.006,1.006
5.833,-0.017,0.015,1.006,1.006
5.846,-0.013,0.009,1.005,1.005
5.853,0.003,-0.001,1.005,1.005
5.865,0.019,-0.011,1.006,1.006
5.875,0.031,-0.018,1.006,1.006
5.886,0.035,-0.021,1.006,1.007
5.917,0.029,-0.016,1.004,1.004
5.919,0.014,-0.007,1.006,1.006
5.923,-0.002,0.005,1.007,1.007
5.924,-0.015,0.011,1.005,1.005
5.934,-0.017,0.013,1.005,1.005
5.945,-0.011,0.010,1.006,1.006
5.953,0.002,0.000,1.006,1.006
5.963,0.017,-0.008,1.006,1.006
5.987,0.031,-0.016,1.007,1.007
5.988,0.032,-0.019,1.007,1.007
6.002,0.026,-0.015,1.004,1.005
6.004,0.016,-0.007,1.004,1.004
6.036,0.001,0.003,1.005,1.005
6.073,-0.012,0.009,1.005,1.005
6.079,-0.015,0.011,1.004,1.004
6.080,-0.010,0.009,1.004,1.004
6.080,0.001,0.000,1.006,1.006
6.081,0.018,-0.008,1.005,1.005
6.082,0.027,-0.014,1.004,1.005
6.086,0.031,-0.018,1.005,1.005
6.096,0.028,-0.015,1.004,1.004
6.104,0.015,-0.007,1.005,1.006
6.127,0.001,0.000,1.005,1.005
6.127,-0.010,0.008,1.005,1.005
6.134,-0.013,0.010,1.004,1.005
6.154,-0.011,0.009,1.005,1.005
6.156,-0.011,0.009,1.005,1.005
6.164,0.001,0.002,1.005,1.005
6.182,0.014,-0.008,1.005,1.005
6.184,0.025,-0.013,1.006,1.006
6.193,0.031,-0.015,1.004,1.005
6.203,0.026,-0.014,1.006,1.006
6.227,0.015,-0.009,1.004,1.004
6.228,0.003,0.000,1.004,1.004
6.233,-0.007,0.008,1.006,1.006
6.247,-0.011,0.009,1.005,1.005
6.253,-0.008,0.007,1.004,1.004
6.264,0.001,0.001,1.006,1.006
6.281,0.015,-0.008,1.006,1.006
6.283,0.025,-0.013,1.004,1.005
6.294,0.029,-0.017,1.004,1.005
6.306,0.025,-0.013,1.004,1.005
6.332,0.016,-0.007,1.005,1.005
6.334,0.003,0.000,1.007,1.007
6.335,-0.006,0.007,1.006,1.006
6.344,-0.012,0.009,1.004,1.004
6.353,-0.008,0.008,1.006,1.006
6.365,0.001,0.001,1.005,1.005
6.379,0.013,-0.006,1.005,1.005
6.384,0.023,-0.013,1.007,1.007
6.395,0.028,-0.016,1.005,1.005
6.406,0.025,-0.014,1.006,1.006
6.428,0.016,-0.009,1.005,1.005
6.432,0.006,-0.002,1.005,1.005
6.433,-0.006,0.006,1.005,1.005
6.444,-0.011,0.009,1.006,1.006
6.453,-0.008,0.007,1.006,1.006
6.464,0.001,0.002,1.005,1.005
6.477,0.011,-0.005,1.005,1.005
6.484,0.020,-0.011,1.005,1.006
6.493,0.026,-0.014,1.005,1.006
6.503,0.024,-0.012,1.007,1.008
6.530,0.017,-0.008,1.005,1.006
6.531,0.006,-0.002,1.003,1.004
6.533,-0.003,0.004,1.006,1.006
6.545,-0.009,0.008,1.003,1.003
6.554,-0.007,0.008,1.004,1.004
6.568,0.001,0.003,1.004,1.004
6.586,0.011,-0.005,1.006,1.006
6.587,0.021,-0.011,1.005,1.005
6.605,0.024,-0.014,1.007,1.007
6.613,0.022,-0.014,1.005,1.005
6.614,0.022,-0.014,1.005,1.005
6.626,0.016,-0.007,1.006,1.006
6.633,0.007,-0.003,1.005,1.005
6.646,-0.003,0.004,1.005,1.005
6.654,-0.008,0.007,1.004,1.004
6.665,-0.006,0.007,1.005,1.005
6.677,0.001,0.002,1.005,1.005
6.684,0.010,-0.004,1.005,1.005
6.694,0.020,-0.010,1.005,1.005
6.725,0.023,-0.013,1.005,1.006
6.726,0.021,-0.011,1.005,1.005
6.732,0.015,-0.007,1.006,1.006
6.733,0.008,-0.001,1.006,1.006
6.746,-0.001,0.004,1.005,1.005
6.763,-0.006,0.006,1.006,1.006
6.764,-0.005,0.006,1.006,1.006
6.776,0.002,0.001,1.005,1.005
6.788,0.008,-0.005,1.006,1.006
6.794,0.018,-0.010,1.003,1.003
6.826,0.023,-0.013,1.004,1.004
6.827,0.023,-0.013,1.007,1.007
6.828,0.019,-0.016,0.978,0.978
6.834,0.025,-0.002,1.039,1.039
6.845,0.022,-0.001,0.995,0.996
6.866,-0.036,-0.000,1.006,1.007
6.868,-0.028,0.019,1.007,1.007
6.877,-0.015,0.024,1.006,1.006
6.884,0.004,0.004,1.005,1.005
6.894,0.021,-0.016,1.003,1.003
6.940,0.040,-0.025,1.005,1.006
6.942,0.046,-0.025,1.004,1.006
6.942,0.037,-0.020,1.007,1.008
6.948,0.018,-0.008,1.004,1.004
6.949,-0.004,0.005,1.004,1.004
6.964,-0.021,0.015,1.003,1.004
6.967,-0.029,0.019,1.005,1.005
6.974,-0.020,0.014,1.004,1.005
6.984,-0.002,0.004,1.005,1.005
7.005,0.021,-0.010,1.005,1.005
7.006,0.036,-0.021,1.006,1.007
7.014,0.045,-0.025,1.006,1.007
7.047,0.036,-0.020,1.006,1.007
7.047,0.019,-0.010,1.005,1.006
7.048,-0.002,0.005,1.004,1.004
7.055,-0.019,0.015,1.004,1.005
7.075,-0.027,0.019,1.005,1.006
7.076,-0.027,0.019,1.005,1.006
7.085,-0.019,0.013,1.003,1.004
7.103,-0.004,0.003,1.003,1.004
7.104,0.020,-0.009,1.005,1.005
7.114,0.035,-0.019,1.007,1.008
7.125,0.040,-0.023,1.006,1.007
7.134,0.034,-0.021,1.005,1.006
7.147,0.019,-0.010,1.003,1.004
7.159,-0.001,0.002,1.002,1.002
7.164,-0.017,0.014,1.004,1.005
7.176,-0.023,0.018,1.005,1.005
7.184,-0.017,0.014,1.003,1.003
7.194,-0.002,0.004,1.004,1.004
7.230,0.015,-0.007,1.006,1.006
7.232,0.034,-0.017,1.006,1.006
7.233,0.040,-0.022,1.007,1.008
7.234,0.035,-0.020,1.007,1.007
7.245,0.021,-0.011,1.006,1.006
7.258,0.002,0.000,1.003,1.003
7.265,-0.014,0.012,1.006,1.006
7.274,-0.021,0.016,1.007,1.007
7.284,-0.016,0.013,1.005,1.005
7.294,-0.002,0.007,1.003,1.003
7.338,0.015,-0.007,1.005,1.005
7.339,0.031,-0.017,1.007,1.008
7.340,0.038,-0.021,1.005,1.006
7.341,0.033,-0.018,1.007,1.007
7.345,0.022,-0.011,1.005,1.005
7.358,0.003,-0.001,1.004,1.004
7.365,-0.011,0.009,1.003,1.003
7.376,-0.018,0.014,1.005,1.006
7.390,-0.015,0.013,1.005,1.005
7.394,-0.004,0.005,1.004,1.004
7.422,0.013,-0.007,1.007,1.007
7.423,0.027,-0.016,1.005,1.006
7.424,0.033,-0.020,1.006,1.007
7.435,0.031,-0.018,1.005,1.006
7.447,0.021,-0.010,1.004,1.005
7.460,0.006,-0.001,1.003,1.003
7.464,-0.010,0.010,1.004,1.004
7.481,-0.018,0.015,1.005,1.005
7.494,-0.015,0.012,1.007,1.007
7.496,-0.004,0.006,1.004,1.004
7.530,0.011,-0.005,1.005,1.005
7.531,0.025,-0.014,1.004,1.005
7.541,0.032,-0.018,1.005,1.006
7.542,0.032,-0.018,1.005,1.006
7.545,0.031,-0.017,1.004,1.005
7.557,0.021,-0.013,1.005,1.005
7.565,0.009,-0.005,1.005,1.005
7.574,-0.005,0.007,1.006,1.006
7.586,-0.014,0.013,1.003,1.003
7.606,-0.013,0.013,1.004,1.005
7.607,-0.004,0.006,1.007,1.007
7.615,0.009,-0.004,1.006,1.006
7.642,0.022,-0.013,1.005,1.005
7.643,0.029,-0.018,1.006,1.007
7.645,0.029,-0.016,1.006,1.007
7.655,0.022,-0.011,1.006,1.007
7.665,0.007,-0.004,1.005,1.005
7.680,-0.006,0.006,1.005,1.005
7.691,-0.013,0.009,1.004,1.004
7.695,-0.012,0.010,1.005,1.005
7.725,-0.004,0.005,1.004,1.004
7.726,0.010,-0.003,1.004,1.004
7.727,0.023,-0.011,1.005,1.006
7.737,0.029,-0.016,1.006,1.007
7.745,0.028,-0.015,1.006,1.007
7.756,0.020,-0.011,1.006,1.007
7.765,0.009,-0.003,1.005,1.005
7.776,-0.004,0.006,1.006,1.006
7.790,-0.012,0.010,1.004,1.004
7.795,-0.011,0.010,1.005,1.006
7.807,-0.002,0.006,1.005,1.005
7.815,0.009,-0.005,1.004,1.004
7.848,0.020,-0.011,1.007,1.007
7.854,0.028,-0.016,1.007,1.007
7.855,0.027,-0.015,1.007,1.007
7.857,0.021,-0.012,1.005,1.005
7.870,0.010,-0.003,1.006,1.006
7.875,-0.002,0.005,1.006,1.006
7.887,-0.010,0.009,1.004,1.004
7.895,-0.012,0.011,1.005,1.006
7.907,-0.005,0.005,1.005,1.005
7.915,0.008,-0.003,1.006,1.006
7.940,0.019,-0.011,1.006,1.006
7.941,0.026,-0.016,1.006,1.006
7.947,0.027,-0.015,1.006,1.006
7.957,0.021,-0.010,1.005,1.005
7.965,0.012,-0.003,1.006,1.006
7.976,0.000,0.003,1.005,1.005
7.996,-0.009,0.006,1.006,1.006
7.996,-0.009,0.006,1.006,1.006
8.028,-0.009,0.008,1.005,1.005
8.030,-0.003,0.005,1.005,1.005
8.044,0.005,-0.002,1.007,1.007
8.044,0.018,-0.009,1.006,1.006
8.054,0.024,-0.015,1.005,1.005
8.056,0.026,-0.015,1.006,1.006
8.065,0.021,-0.009,1.007,1.007
8.075,0.011,-0.005,1.006,1.006
8.094,0.001,0.004,1.005,1.005
8.095,-0.007,0.009,1.006,1.006
8.106,-0.008,0.009,1.005,1.005
8.115,-0.004,0.004,1.006,1.006
8.144,0.005,-0.002,1.007,1.007
8.145,0.016,-0.010,1.005,1.005
8.146,0.024,-0.012,1.005,1.006
8.157,0.024,-0.013,1.005,1.006
8.167,0.020,-0.010,1.004,1.004
8.177,0.012,-0.006,1.004,1.004
8.190,0.000,0.001,1.005,1.005
8.195,-0.005,0.007,1.005,1.005
8.207,-0.008,0.007,1.006,1.006
8.215,-0.001,0.004,1.006,1.006
8.243,0.007,-0.002,1.004,1.004
8.245,0.015,-0.009,1.006,1.006
8.246,0.022,-0.013,1.007,1.007
8.257,0.023,-0.012,1.005,1.006
8.265,0.018,-0.010,1.006,1.007
8.276,0.010,-0.006,1.006,1.006
8.291,0.002,-0.000,1.003,1.003
8.295,-0.005,0.005,1.004,1.004
8.305,-0.007,0.008,1.005,1.005
8.316,-0.003,0.006,1.006,1.006
8.345,0.005,-0.002,1.006,1.006
8.346,0.014,-0.008,1.005,1.005
8.348,0.021,-0.013,1.004,1.005
8.356,0.024,-0.012,1.006,1.006
8.366,0.018,-0.010,1.004,1.004
8.379,0.012,-0.006,1.004,1.004
8.391,0.005,0.000,1.005,1.005
8.395,-0.005,0.006,1.005,1.005
8.408,-0.006,0.006,1.005,1.005
8.417,-0.001,0.004,1.005,1.005
8.442,0.006,-0.003,1.006,1.006
8.443,0.014,-0.005,1.007,1.007
8.446,0.020,-0.011,1.004,1.005
8.468,0.022,-0.010,1.007,1.007
8.469,0.022,-0.010,1.007,1.007
8.477,0.019,-0.009,1.007,1.007
8.494,0.012,-0.006,1.005,1.005
8.496,0.004,0.000,1.005,1.005
8.506,-0.002,0.006,1.006,1.006
8.516,-0.005,0.007,1.006,1.006
8.533,-0.002,0.003,1.006,1.006
8.540,0.005,-0.000,1.005,1.005
8.546,0.013,-0.007,1.005,1.005
8.556,0.020,-0.011,1.006,1.007
8.571,0.020,-0.013,1.006,1.006
8.576,0.018,-0.010,1.006,1.006
8.589,0.012,-0.006,1.005,1.005
8.596,0.003,-0.002,1.005,1.005
8.627,-0.003,0.003,1.005,1.005
8.632,-0.004,0.006,1.005,1.005
8.633,-0.001,0.003,1.004,1.004
8.643,0.004,-0.001,1.004,1.004
8.647,0.013,-0.005,1.004,1.004
8.657,0.018,-0.009,1.005,1.005
8.673,0.020,-0.009,1.005,1.006
8.676,0.019,-0.008,1.005,1.006
8.692,0.012,-0.004,1.006,1.006
8.696,0.005,-0.000,1.005,1.005
8.711,-0.001,0.003,1.004,1.004
8.744,-0.002,0.007,1.005,1.005
8.745,0.001,0.003,1.007,1.007
8.747,0.005,-0.002,1.004,1.004
8.748,0.010,-0.005,1.005,1.005
8.757,0.017,-0.008,1.006,1.007
8.769,0.020,-0.012,1.004,1.004
8.776,0.018,-0.009,1.005,1.005
8.787,0.012,-0.006,1.006,1.006
8.796,0.005,-0.001,1.006,1.006
8.806,0.001,0.002,1.007,1.007
8.836,-0.003,0.004,1.006,1.006
8.838,-0.001,0.003,1.007,1.007
8.838,0.006,-0.002,1.005,1.005
8.846,0.012,-0.006,1.006,1.006
8.861,0.016,-0.007,1.008,1.009
8.870,0.019,-0.010,1.007,1.007
8.876,0.017,-0.010,1.007,1.007
8.887,0.012,-0.006,1.006,1.006
8.896,0.007,-0.001,1.004,1.004
8.926,0.001,0.003,1.007,1.007
8.927,-0.001,0.003,1.007,1.007
8.945,-0.001,0.002,1.003,1.003
8.946,-0.001,0.002,1.003,1.003
8.959,0.005,0.000,1.005,1.005
8.959,0.012,-0.005,1.005,1.005
8.970,0.016,-0.009,1.006,1.007
8.976,0.019,-0.010,1.007,1.007
8.987,0.018,-0.008,1.006,1.006
8.996,0.013,-0.005,1.006,1.006
9.013,0.006,-0.002,1.004,1.004
9.022,0.002,0.003,1.006,1.006
9.036,-0.000,0.002,1.008,1.008
9.037,0.001,0.001,1.007,1.007
9.048,0.005,-0.001,1.005,1.005
9.060,0.011,-0.004,1.005,1.005
9.068,0.016,-0.008,1.004,1.004
9.081,0.018,-0.008,1.006,1.006
9.086,0.017,-0.008,1.004,1.004
9.096,0.011,-0.005,1.003,1.003
9.106,0.006,-0.001,1.004,1.004
9.132,0.002,0.002,1.006,1.006
9.133,-0.002,0.001,1.006,1.006
9.136,0.001,0.002,1.005,1.005
9.146,0.005,-0.000,1.003,1.003
9.157,0.011,-0.003,1.004,1.004
9.172,0.013,-0.007,1.005,1.006
9.176,0.018,-0.008,1.005,1.005
9.189,0.017,-0.009,1.005,1.005
9.196,0.014,-0.007,1.006,1.007
9.212,0.007,-0.002,1.004,1.004
9.226,0.004,0.002,1.006,1.006
9.227,0.002,0.001,1.006,1.006
9.236,0.000,0.003,1.005,1.005
9.252,0.004,-0.002,1.006,1.006
9.256,0.009,-0.005,1.004,1.004
9.267,0.013,-0.007,1.005,1.005
9.276,0.015,-0.009,1.005,1.006
9.286,0.015,-0.008,1.006,1.006
9.296,0.012,-0.006,1.005,1.005
9.316,0.007,-0.004,1.003,1.003
9.318,0.004,-0.001,1.005,1.005
9.326,0.001,0.000,1.006,1.006
9.339,0.001,-0.001,1.004,1.004
9.347,0.005,-0.001,1.004,1.004
9.357,0.010,-0.003,1.006,1.006
9.368,0.014,-0.005,1.005,1.005
9.377,0.015,-0.009,1.005,1.005
9.415,0.014,-0.008,1.004,1.004
9.417,0.014,-0.008,1.004,1.004
9.418,0.012,-0.006,1.006,1.006
9.419,0.008,-0.004,1.006,1.006
9.427,0.003,-0.000,1.006,1.006
9.437,0.001,0.002,1.005,1.005
9.451,0.001,0.001,1.005,1.005
9.457,0.006,0.001,1.006,1.006
9.467,0.011,-0.004,1.004,1.004
9.476,0.015,-0.006,1.005,1.005
9.489,0.017,-0.008,1.004,1.004
9.524,0.016,-0.008,1.004,1.004
9.526,0.013,-0.005,1.003,1.003
9.527,0.009,-0.003,1.004,1.004
9.528,0.002,0.000,1.005,1.005
9.539,0.000,-0.000,1.003,1.003
9.555,0.004,0.001,1.005,1.005
9.557,0.005,-0.001,1.005,1.005
9.572,0.008,-0.002,1.005,1.005
9.576,0.013,-0.005,1.006,1.006
9.589,0.015,-0.008,1.004,1.004
9.597,0.014,-0.008,1.005,1.006
9.607,0.013,-0.006,1.005,1.005
9.647,0.009,-0.005,1.004,1.004
9.648,0.005,-0.002,1.005,1.005
9.649,0.004,-0.001,1.004,1.004
9.650,0.003,-0.000,1.004,1.004
9.657,0.007,-0.001,1.003,1.003
9.669,0.010,-0.003,1.004,1.004
9.676,0.012,-0.005,1.004,1.004
9.687,0.015,-0.008,1.005,1.005
9.696,0.015,-0.009,1.007,1.007
9.717,0.011,-0.005,1.004,1.004
9.718,0.009,-0.003,1.005,1.005
9.729,0.005,-0.002,1.003,1.004
9.744,0.002,0.001,1.007,1.007
9.747,0.003,0.001,1.005,1.005
9.757,0.006,-0.003,1.005,1.005
9.769,0.009,-0.003,1.004,1.004
9.776,0.012,-0.005,1.006,1.006
9.788,0.013,-0.007,1.005,1.005
9.822,0.013,-0.008,1.005,1.005
9.823,0.011,-0.007,1.006,1.006
9.824,0.009,-0.004,1.005,1.005
9.827,0.005,-0.002,1.007,1.007
9.838,0.003,-0.000,1.005,1.005
9.855,0.003,-0.000,1.005,1.005
9.867,0.005,-0.002,1.004,1.004
9.876,0.007,-0.004,1.004,1.004
9.887,0.012,-0.006,1.004,1.004
9.899,0.014,-0.007,1.004,1.005
9.908,0.013,-0.005,1.004,1.004
9.923,0.012,-0.005,1.005,1.005
9.927,0.007,-0.002,1.005,1.005
9.966,0.006,-0.003,1.006,1.006
9.967,0.004,-0.001,1.005,1.005
9.968,0.004,-0.002,1.004,1.004
9.970,0.005,-0.002,1.005,1.005
9.977,0.009,-0.002,1.005,1.005
9.989,0.011,-0.005,1.004,1.004
10.004,0.014,-0.004,1.003,1.003
10.007,0.014,-0.008,1.004,1.004
10.019,0.011,-0.005,1.005,1.005
10.047,0.008,-0.003,1.003,1.003
10.066,0.005,-0.001,1.006,1.006
10.067,0.003,-0.001,1.006,1.006
10.068,0.004,-0.000,1.005,1.005
10.069,0.005,-0.002,1.005,1.005
10.100,0.008,-0.003,1.004,1.004
10.101,0.013,-0.004,1.005,1.005
10.102,0.011,-0.006,1.003,1.003
10.108,0.012,-0.006,1.005,1.005
10.119,0.013,-0.015,0.943,0.944
10.128,0.051,-0.006,1.097,1.098
10.142,-0.001,0.002,0.974,0.974
10.151,-0.043,0.006,1.002,1.003
10.158,-0.022,0.023,1.005,1.005
10.167,-0.001,0.021,1.003,1.003
10.177,0.017,-0.009,1.011,1.011
10.187,0.032,-0.023,1.006,1.007
10.200,0.047,-0.025,1.009,1.011
10.211,0.044,-0.024,1.004,1.005
10.228,0.030,-0.017,1.005,1.006
10.230,0.008,-0.004,1.005,1.005
10.252,-0.015,0.010,1.005,1.005
10.253,-0.029,0.020,1.004,1.005
10.311,-0.032,0.021,1.005,1.005
10.312,-0.016,0.013,1.007,1.007
10.313,0.006,-0.004,1.005,1.005
10.314,0.028,-0.014,1.005,1.005
10.315,0.043,-0.024,1.005,1.007
10.331,0.046,-0.026,1.005,1.007
10.332,0.032,-0.018,1.007,1.008
10.339,0.011,-0.005,1.005,1.005
10.340,0.011,-0.005,1.005,1.005
10.373,-0.011,0.010,1.004,1.004
10.374,-0.026,0.019,1.005,1.006
10.375,-0.029,0.020,1.005,1.005
10.380,-0.015,0.013,1.006,1.006
10.390,0.005,-0.002,1.005,1.005
10.398,0.026,-0.014,1.007,1.007
10.408,0.040,-0.023,1.006,1.007
10.417,0.041,-0.025,1.006,1.007
10.439,0.032,-0.018,1.006,1.007
10.440,0.013,-0.005,1.005,1.005
10.453,-0.009,0.006,1.004,1.004
10.457,-0.023,0.017,1.003,1.004
10.467,-0.027,0.018,1.005,1.006
10.480,-0.016,0.013,1.005,1.005
10.487,0.003,0.013,1.006,1.007
10.497,0.023,-0.013,1.006,1.006
10.508,0.038,-0.021,1.006,1.007
10.522,0.041,-0.023,1.006,1.007
10.539,0.032,-0.017,1.006,1.006
10.540,0.015,-0.006,1.004,1.004
10.549,-0.004,0.006,1.006,1.006
10.557,-0.018,0.015,1.005,1.005
10.570,-0.023,0.017,1.004,1.004
10.580,-0.016,0.012,1.005,1.005
10.587,0.000,0.001,1.004,1.004
10.597,0.020,-0.010,1.005,1.005
10.608,0.035,-0.020,1.004,1.005
10.636,0.040,-0.023,1.004,1.005
10.637,0.031,-0.017,1.004,1.005
10.638,0.015,-0.007,1.004,1.004
10.648,-0.003,0.003,1.004,1.004
10.659,-0.016,0.012,1.004,1.004
10.668,-0.021,0.018,1.005,1.005
10.680,-0.015,0.011,1.004,1.004
10.688,0.001,0.001,1.005,1.005
10.698,0.019,-0.010,1.007,1.007
10.708,0.033,-0.018,1.006,1.007
10.718,0.037,-0.021,1.008,1.009
10.750,0.031,-0.017,1.005,1.006
10.751,0.016,-0.009,1.005,1.005
10.752,-0.001,0.002,1.004,1.004
10.760,-0.014,0.012,1.005,1.005
10.774,-0.019,0.013,1.003,1.004
10.785,-0.014,0.011,1.004,1.004
10.789,-0.001,0.003,1.005,1.005
10.811,0.018,-0.009,1.005,1.005
10.812,0.018,-0.009,1.005,1.005
10.833,0.030,-0.017,1.004,1.005
10.834,0.036,-0.020,1.006,1.006
10.838,0.029,-0.016,1.006,1.006
10.857,0.015,-0.009,1.007,1.007
10.859,0.001,0.001,1.005,1.005
10.869,-0.012,0.010,1.004,1.004
10.881,-0.017,0.014,1.005,1.005
10.888,-0.012,0.011,1.004,1.004
10.898,-0.001,0.003,1.003,1.003
10.910,0.015,-0.007,1.006,1.006
10.918,0.028,-0.017,1.006,1.006
10.948,0.035,-0.018,1.006,1.006
10.950,0.029,-0.015,1.006,1.007
10.951,0.018,-0.009,1.006,1.006
10.961,0.002,0.001,1.003,1.003
10.975,-0.011,0.009,1.004,1.004
10.987,-0.016,0.012,1.004,1.004
10.989,-0.012,0.010,1.004,1.004
11.000,-0.003,0.005,1.004,1.004
11.008,0.014,-0.005,1.005,1.005
11.018,0.027,-0.015,1.006,1.007
11.048,0.032,-0.018,1.005,1.006
11.062,0.028,-0.015,1.006,1.007
11.062,0.017,-0.009,1.006,1.006
11.063,0.004,-0.000,1.005,1.005
11.068,-0.009,0.007,1.004,1.004
11.082,-0.014,0.010,1.003,1.003
11.088,-0.012,0.009,1.004,1.004
11.098,-0.001,0.003,1.003,1.003
11.116,0.012,-0.005,1.003,1.003
11.118,0.024,-0.013,1.003,1.003
11.132,0.032,-0.018,1.005,1.006
11.138,0.027,-0.017,1.004,1.004
11.173,0.018,-0.011,1.005,1.005
11.174,0.005,-0.004,1.006,1.006
11.175,-0.005,0.007,1.006,1.006
11.180,-0.012,0.011,1.006,1.006
11.188,-0.010,0.009,1.004,1.004
11.198,-0.002,0.004,1.005,1.005
11.210,0.011,-0.004,1.005,1.005
11.219,0.023,-0.011,1.007,1.007
11.250,0.028,-0.016,1.006,1.007
11.251,0.027,-0.014,1.005,1.005
11.252,0.018,-0.009,1.006,1.006
11.259,0.006,-0.002,1.006,1.006
11.279,-0.007,0.006,1.004,1.004
11.280,-0.007,0.006,1.004,1.004
11.291,-0.011,0.011,1.004,1.004
11.298,-0.011,0.009,1.003,1.004
11.315,-0.001,0.004,1.005,1.005
11.318,0.011,-0.004,1.004,1.004
11.329,0.021,-0.011,1.006,1.006
11.338,0.026,-0.016,1.005,1.005
11.367,0.026,-0.014,1.005,1.005
11.369,0.019,-0.010,1.004,1.004
11.369,0.007,-0.002,1.006,1.006
11.380,-0.005,0.005,1.005,1.005
11.393,-0.009,0.009,1.004,1.004
11.411,-0.008,0.008,1.004,1.004
11.412,0.000,0.003,1.003,1.003
11.418,0.011,-0.004,1.005,1.005
11.428,0.020,-0.010,1.005,1.006
11.438,0.026,-0.014,1.006,1.006
11.475,0.026,-0.013,1.007,1.007
11.476,0.019,-0.010,1.006,1.006
11.478,0.007,-0.003,1.005,1.005
11.479,-0.001,0.005,1.006,1.006
11.489,-0.009,0.008,1.005,1.005
11.499,-0.007,0.008,1.005,1.005
11.511,0.001,0.004,1.007,1.007
11.518,0.010,-0.003,1.005,1.005
11.529,0.020,-0.010,1.006,1.006
11.538,0.024,-0.012,1.006,1.007
11.554,0.025,-0.011,1.005,1.006
11.564,0.019,-0.011,1.005,1.005
11.574,0.007,-0.003,1.005,1.005
11.578,-0.002,0.002,1.005,1.005
11.589,-0.007,0.007,1.004,1.004
11.599,-0.007,0.009,1.004,1.004
11.614,-0.001,0.005,1.003,1.003
11.619,0.010,-0.003,1.004,1.005
11.630,0.018,-0.008,1.005,1.005
11.639,0.023,-0.014,1.006,1.006
11.666,0.024,-0.012,1.006,1.006
11.667,0.017,-0.010,1.006,1.006
11.669,0.010,-0.004,1.005,1.005
11.690,0.000,0.002,1.006,1.006
11.692,-0.006,0.005,1.007,1.007
11.699,-0.006,0.007,1.004,1.004
11.711,-0.002,0.003,1.004,1.004
11.719,0.007,-0.003,1.004,1.004
11.731,0.016,-0.010,1.005,1.006
11.768,0.023,-0.011,1.003,1.003
11.769,0.023,-0.011,1.003,1.003
11.770,0.023,-0.013,1.006,1.006
11.770,0.016,-0.009,1.005,1.005
11.783,0.008,-0.004,1.007,1.007
11.788,0.000,0.000,1.006,1.006
11.799,-0.006,0.006,1.005,1.005
11.816,-0.006,0.006,1.006,1.007
11.819,-0.000,0.004,1.005,1.005
11.831,0.008,-0.003,1.005,1.005
11.838,0.016,-0.008,1.007,1.007
11.856,0.021,-0.011,1.005,1.005
11.858,0.023,-0.013,1.004,1.004
11.869,0.020,-0.008,1.006,1.006
11.879,0.011,-0.004,1.006,1.006
11.894,0.001,0.001,1.006,1.006
11.898,-0.006,0.006,1.006,1.006
11.912,-0.006,0.007,1.005,1.005
11.919,-0.001,0.002,1.004,1.004
11.929,0.005,-0.003,1.005,1.005
11.939,0.015,-0.007,1.005,1.005
11.967,0.027,-0.015,1.004,1.005
11.970,0.092,-0.042,1.003,1.008
11.972,0.225,-0.074,1.018,1.045
11.992,0.109,-0.037,1.011,1.017
11.994,-0.168,0.020,0.963,0.978
11.999,-0.176,0.046,1.046,1.062
12.014,-0.089,0.100,0.989,0.998
12.019,-0.008,0.012,1.015,1.015
12.030,0.005,-0.000,0.994,0.994
12.054,-0.001,0.003,1.005,1.005
12.055,0.012,-0.003,1.008,1.008
12.097,0.033,-0.015,1.007,1.008
12.100,0.031,-0.020,1.007,1.008
12.101,0.037,-0.019,1.002,1.002
12.102,0.037,-0.020,1.006,1.007
12.103,0.028,-0.017,1.007,1.008
12.113,0.012,-0.005,1.004,1.004
12.119,-0.008,0.006,1.005,1.005
12.130,-0.020,0.016,1.003,1.004
12.163,-0.019,0.016,1.005,1.005
12.164,-0.006,0.005,1.006,1.006
12.165,0.012,-0.005,1.005,1.005
12.169,0.028,-0.014,1.005,1.006
12.180,0.032,-0.018,1.005,1.006
12.194,0.028,-0.016,1.004,1.004
12.200,0.021,-0.011,1.007,1.007
12.220,0.012,-0.005,1.007,1.007
12.220,0.012,-0.005,1.007,1.007
12.240,-0.001,0.003,1.005,1.005
12.241,-0.008,0.008,1.006,1.006
12.250,-0.010,0.010,1.005,1.005
12.262,-0.006,0.005,1.006,1.006
12.269,0.005,-0.002,1.006,1.006
12.279,0.017,-0.008,1.004,1.004
12.290,0.024,-0.015,1.005,1.005
12.299,0.025,-0.015,1.005,1.006
12.318,0.021,-0.013,1.007,1.007
12.319,0.011,-0.006,1.005,1.005
12.333,0.002,0.001,1.006,1.006
12.341,-0.007,0.007,1.005,1.005
12.374,-0.011,0.007,1.004,1.004
12.376,-0.004,0.006,1.004,1.004
12.377,0.006,-0.002,1.004,1.004
12.379,0.016,-0.008,1.003,1.004
12.399,0.022,-0.013,1.007,1.007
12.400,0.025,-0.014,1.008,1.008
12.410,0.021,-0.012,1.006,1.007
12.419,0.011,-0.004,1.007,1.007
12.430,0.011,0.000,1.006,1.006
12.469,-0.007,0.005,1.006,1.007
12.470,-0.008,0.008,1.005,1.005
12.471,-0.002,0.006,1.004,1.004
12.472,0.005,-0.001,1.005,1.005
12.480,0.014,-0.007,1.004,1.004
12.493,0.023,-0.010,1.006,1.006
12.499,0.025,-0.013,1.005,1.006
12.516,0.022,-0.011,1.005,1.005
12.519,0.013,-0.006,1.006,1.006
12.530,0.002,0.001,1.005,1.005
12.540,-0.006,0.006,1.006,1.006
12.562,-0.006,0.007,1.005,1.005
12.563,-0.004,0.003,1.005,1.005
12.574,0.004,-0.001,1.004,1.004
12.588,0.013,-0.007,1.004,1.004
12.590,0.020,-0.010,1.002,1.003
12.599,0.022,-0.011,1.005,1.005
12.611,0.020,-0.011,1.007,1.007
12.619,0.013,-0.005,1.006,1.006
12.630,0.003,-0.000,1.006,1.006
12.668,-0.003,0.004,1.007,1.007
12.669,-0.007,0.006,1.004,1.004
12.670,-0.004,0.005,1.004,1.004
12.683,0.002,0.000,1.005,1.005
12.684,0.002,0.000,1.005,1.005
12.695,0.010,-0.005,1.005,1.005
12.700,0.017,-0.010,1.007,1.008
12.716,0.022,-0.012,1.006,1.007
12.719,0.020,-0.009,1.007,1.007
12.732,0.013,-0.007,1.005,1.005
12.756,0.004,-0.002,1.004,1.004
12.758,-0.000,0.004,1.007,1.007
12.760,-0.005,0.005,1.006,1.006
12.770,-0.004,0.006,1.003,1.004
12.780,0.004,-0.001,1.005,1.005
12.793,0.010,-0.006,1.007,1.007
12.800,0.017,-0.009,1.006,1.006
12.812,0.020,-0.011,1.004,1.005
12.819,0.018,-0.011,1.006,1.006
12.830,0.013,-0.007,1.006,1.006
12.859,0.006,-0.002,1.006,1.006
12.860,-0.002,0.003,1.005,1.005
12.861,-0.005,0.005,1.006,1.006
12.872,-0.003,0.004,1.006,1.006
12.879,0.003,-0.001,1.004,1.004
12.895,0.010,-0.004,1.005,1.005
12.899,0.017,-0.009,1.004,1.005
12.913,0.019,-0.010,1.005,1.005
12.922,0.019,-0.010,1.005,1.005
12.930,0.013,-0.005,1.006,1.006
12.974,0.006,-0.001,1.006,1.006
12.976,0.000,0.000,1.004,1.004
12.977,-0.001,0.003,1.004,1.004
12.980,-0.001,0.003,1.006,1.006
12.981,0.003,0.000,1.005,1.005
12.993,0.010,-0.005,1.006,1.006
13.000,0.016,-0.009,1.005,1.005
13.011,0.018,-0.012,1.004,1.004
13.020,0.018,-0.010,1.004,1.004
13.031,0.015,-0.007,1.005,1.005
13.041,0.008,-0.003,1.006,1.006
13.070,0.002,0.002,1.006,1.006
13.073,-0.002,0.003,1.004,1.004
13.074,-0.003,0.003,1.005,1.005
13.080,0.004,0.001,1.006,1.006
13.093,0.011,-0.005,1.005,1.005
13.100,0.025,-0.013,1.007,1.007
13.111,0.115,-0.047,1.002,1.010
13.129,0.194,-0.076,1.016,1.037
13.131,-0.027,-0.014,1.003,1.004
13.151,-0.180,0.049,0.983,1.001
13.154,-0.180,0.049,0.983,1.001
13.190,-0.116,0.074,1.020,1.029
13.196,-0.104,0.071,0.995,1.002
13.197,-0.050,0.043,1.013,1.015
13.200,0.021,0.010,1.005,1.005
13.201,0.036,-0.021,1.012,1.013
13.211,0.043,-0.030,1.002,1.003
13.226,0.076,-0.044,0.998,1.002
13.230,0.103,-0.059,1.012,1.019
13.241,0.089,-0.050,1.004,1.009
13.250,0.051,-0.031,1.006,1.008
13.277,-0.001,0.000,1.004,1.004
13.278,-0.048,0.028,1.004,1.006
13.281,-0.074,0.045,1.003,1.007
13.309,-0.067,0.046,1.002,1.005
13.312,-0.035,0.031,1.003,1.004
13.319,0.016,0.002,1.005,1.005
13.321,0.056,-0.032,1.006,1.008
13.331,0.083,-0.051,1.007,1.012
13.371,0.082,-0.048,1.006,1.010
13.373,0.054,-0.032,1.006,1.008
13.374,0.010,-0.005,1.005,1.005
13.376,-0.035,0.024,1.005,1.006
13.380,-0.062,0.041,1.003,1.006
13.392,-0.062,0.043,1.002,1.005
13.400,-0.039,0.028,1.004,1.005
13.412,0.002,0.001,1.004,1.004
13.425,0.046,-0.025,1.007,1.008
13.431,0.075,-0.041,1.007,1.011
13.441,0.078,-0.046,1.008,1.012
13.508,0.054,-0.034,1.007,1.009
13.510,0.018,-0.010,1.007,1.007
13.511,-0.025,0.018,1.005,1.006
13.511,-0.054,0.036,1.002,1.004
13.512,-0.060,0.039,1.003,1.006
13.513,-0.040,0.028,1.004,1.006
13.515,-0.005,0.005,1.005,1.005
13.534,0.035,-0.021,1.007,1.008
13.535,0.066,-0.037,1.007,1.010
13.540,0.072,-0.044,1.008,1.011
13.550,0.056,-0.033,1.006,1.008
13.573,0.022,-0.010,1.006,1.006
13.574,-0.017,0.013,1.005,1.006
13.581,-0.047,0.030,1.003,1.005
13.592,-0.054,0.038,1.003,1.005
13.601,-0.041,0.029,1.003,1.005
13.621,-0.009,0.007,1.004,1.004
13.622,-0.009,0.007,1.004,1.004
13.633,0.028,-0.016,1.006,1.007
13.642,0.059,-0.035,1.008,1.010
13.650,0.069,-0.040,1.007,1.011
13.661,0.055,-0.034,1.007,1.009
13.692,0.027,-0.015,1.007,1.007
13.693,-0.010,0.008,1.005,1.005
13.694,-0.039,0.027,1.003,1.004
13.701,-0.049,0.032,1.004,1.006
13.722,-0.040,0.028,1.005,1.006
13.723,-0.013,0.010,1.005,1.005
13.730,0.023,-0.012,1.006,1.006
13.741,0.052,-0.029,1.005,1.007
13.753,0.065,-0.039,1.005,1.008
13.761,0.054,-0.035,1.006,1.008
13.807,0.030,-0.016,1.006,1.007
13.810,-0.004,0.005,1.006,1.006
13.811,-0.031,0.022,1.004,1.005
13.812,-0.044,0.032,1.003,1.004
13.813,-0.039,0.027,1.005,1.006
13.824,-0.015,0.012,1.004,1.004
13.831,0.017,-0.009,1.006,1.007
13.841,0.045,-0.026,1.006,1.007
13.851,0.059,-0.035,1.007,1.009
13.884,0.053,-0.033,1.007,1.008
13.885,0.032,-0.018,1.006,1.006
13.886,0.000,0.002,1.005,1.005
13.891,-0.027,0.018,1.002,1.002
13.901,-0.041,0.028,1.004,1.005
13.911,-0.037,0.027,1.006,1.007
13.926,-0.018,0.011,1.003,1.003
13.931,0.012,-0.005,1.006,1.006
13.941,0.041,-0.022,1.006,1.007
13.951,0.056,-0.032,1.006,1.008
13.972,0.052,-0.031,1.007,1.009
13.974,0.032,-0.018,1.005,1.006
13.981,0.005,-0.001,1.005,1.005
14.005,-0.021,0.016,1.003,1.003
14.006,-0.037,0.026,1.003,1.004
14.011,-0.036,0.027,1.002,1.003
14.022,-0.018,0.015,1.005,1.005
14.031,0.009,-0.002,1.007,1.007
14.042,0.035,-0.021,1.006,1.006
14.052,0.050,-0.030,1.006,1.008
14.087,0.051,-0.030,1.006,1.007
14.088,0.037,-0.020,1.005,1.005
14.091,0.008,-0.005,1.006,1.006
14.094,0.008,-0.005,1.006,1.006
14.107,-0.016,0.013,1.006,1.006
14.112,-0.033,0.023,1.004,1.005
14.123,-0.035,0.023,1.003,1.004
14.131,-0.021,0.014,1.005,1.005
14.141,0.006,-0.002,1.004,1.004
14.152,0.029,-0.017,1.007,1.007
14.190,0.047,-0.028,1.007,1.008
14.192,0.049,-0.029,1.006,1.008
14.193,0.037,-0.020,1.007,1.008
14.194,0.013,-0.006,1.005,1.005
14.207,-0.011,0.010,1.005,1.005
14.211,-0.028,0.021,1.004,1.004
14.221,-0.032,0.023,1.004,1.005
14.231,-0.019,0.014,1.004,1.004
14.241,0.003,0.000,1.005,1.005
14.251,0.026,-0.015,1.005,1.006
14.287,0.042,-0.023,1.005,1.006
14.288,0.047,-0.026,1.006,1.007
14.289,0.035,-0.020,1.005,1.006
14.292,0.014,-0.008,1.005,1.005
14.307,-0.007,0.008,1.005,1.005
14.311,-0.025,0.017,1.003,1.004
14.326,-0.030,0.021,1.002,1.003
14.331,-0.020,0.014,1.006,1.006
14.343,-0.000,0.002,1.005,1.005
14.381,0.024,-0.011,1.006,1.006
14.383,0.040,-0.022,1.005,1.006
14.384,0.044,-0.026,1.004,1.006
14.385,0.036,-0.020,1.006,1.007
14.401,0.017,-0.008,1.006,1.006
14.402,-0.004,0.005,1.003,1.003
14.412,-0.022,0.017,1.004,1.005
14.421,-0.027,0.017,1.005,1.006
14.436,-0.020,0.014,1.006,1.006
14.442,-0.002,0.001,1.005,1.005
14.455,0.021,-0.010,1.006,1.006
14.461,0.036,-0.020,1.005,1.006
14.492,0.042,-0.025,1.006,1.007
14.493,0.036,-0.021,1.007,1.008
14.494,0.020,-0.010,1.007,1.007
14.524,-0.002,0.003,1.006,1.006
14.525,-0.019,0.014,1.006,1.007
14.526,-0.024,0.018,1.004,1.005
14.536,-0.020,0.014,1.005,1.006
14.542,-0.004,0.005,1.006,1.006
14.562,0.016,-0.010,1.006,1.006
14.563,0.016,-0.010,1.006,1.006
14.587,0.033,-0.019,1.005,1.005
14.589,0.039,-0.022,1.006,1.007
14.592,0.035,-0.018,1.005,1.006
14.616,0.021,-0.011,1.006,1.006
14.617,0.002,0.000,1.004,1.004
14.625,-0.014,0.012,1.005,1.005
14.631,-0.021,0.017,1.005,1.005
14.641,-0.017,0.013,1.006,1.006
14.671,-0.004,0.005,1.004,1.004
14.672,0.014,-0.007,1.004,1.004
14.673,0.029,-0.014,1.006,1.006
14.682,0.038,-0.021,1.006,1.007
14.701,0.034,-0.018,1.006,1.007
14.702,0.021,-0.012,1.005,1.005
14.714,0.004,-0.001,1.006,1.006
14.722,-0.012,0.010,1.004,1.004
14.733,-0.019,0.014,1.004,1.004
14.742,-0.017,0.012,1.003,1.003
14.768,-0.005,0.006,1.005,1.005
14.769,0.012,-0.005,1.005,1.005
14.772,0.027,-0.013,1.005,1.005
14.782,0.034,-0.020,1.006,1.007
14.793,0.034,-0.018,1.007,1.008
14.807,0.021,-0.012,1.006,1.006
14.811,0.004,-0.001,1.003,1.003
14.822,-0.011,0.008,1.003,1.003
14.833,-0.017,0.013,1.003,1.003
14.842,-0.016,0.012,1.006,1.006
14.853,-0.005,0.007,1.006,1.006
14.862,0.010,-0.005,1.005,1.005
14.873,0.025,-0.014,1.005,1.005
14.883,0.034,-0.018,1.006,1.007
14.905,0.033,-0.019,1.005,1.006
14.907,0.023,-0.014,1.005,1.005
14.911,0.009,-0.003,1.005,1.005
14.928,-0.007,0.007,1.005,1.005
14.933,-0.016,0.013,1.004,1.004
14.952,-0.015,0.011,1.004,1.005
14.957,-0.004,0.006,1.005,1.005
14.965,0.008,-0.004,1.006,1.006
14.973,0.024,-0.012,1.005,1.005
14.982,0.031,-0.017,1.005,1.006
15.020,0.031,-0.018,1.005,1.006
15.021,0.022,-0.012,1.006,1.006
15.022,0.009,-0.004,1.004,1.004
15.032,-0.005,0.007,1.005,1.005
15.033,-0.005,0.007,1.005,1.005
15.042,-0.015,0.011,1.007,1.007
15.059,-0.014,0.011,1.006,1.006
15.061,-0.006,0.007,1.005,1.005
15.074,0.007,-0.002,1.006,1.006
15.096,0.021,-0.011,1.005,1.006
15.099,0.028,-0.017,1.005,1.005
15.121,0.030,-0.017,1.005,1.005
15.122,0.023,-0.013,1.005,1.005
15.123,0.011,-0.006,1.006,1.006
15.141,-0.003,0.003,1.006,1.006
15.142,-0.012,0.009,1.005,1.006
15.154,-0.012,0.009,1.003,1.003
15.162,-0.005,0.006,1.006,1.006
15.180,0.007,-0.002,1.005,1.005
15.182,0.019,-0.009,1.007,1.007
15.209,0.029,-0.014,1.006,1.006
15.218,0.030,-0.015,1.006,1.006
15.218,0.022,-0.013,1.006,1.006
15.228,0.011,-0.006,1.006,1.006
15.238,-0.002,0.004,1.007,1.007
15.242,-0.009,0.010,1.006,1.006
15.255,-0.011,0.010,1.005,1.005
15.262,-0.006,0.006,1.005,1.005
15.294,0.005,-0.000,1.008,1.008
15.295,0.017,-0.011,1.004,1.004
15.295,0.027,-0.014,1.006,1.006
15.307,0.028,-0.015,1.006,1.006
15.313,0.022,-0.011,1.007,1.008
15.327,0.013,-0.006,1.005,1.005
15.333,0.013,0.001,1.003,1.004
15.342,-0.009,0.009,1.003,1.004
15.357,-0.012,0.010,1.006,1.006
15.362,-0.006,0.007,1.006,1.006
15.373,0.004,-0.002,1.006,1.006
15.402,0.015,-0.008,1.005,1.005
15.403,0.024,-0.013,1.006,1.006
15.403,0.026,-0.015,1.005,1.005
15.412,0.022,-0.013,1.005,1.005
15.422,0.013,-0.007,1.006,1.006
15.436,0.003,-0.001,1.005,1.005
15.442,-0.006,0.007,1.004,1.004
15.453,-0.008,0.008,1.005,1.006
15.464,-0.005,0.006,1.006,1.006
15.473,0.004,0.000,1.006,1.006
15.508,0.015,-0.006,1.005,1.005
15.509,0.023,-0.012,1.006,1.006
15.509,0.023,-0.012,1.006,1.006
15.513,0.026,-0.014,1.004,1.005
15.523,0.023,-0.012,1.006,1.006
15.536,0.014,-0.007,1.007,1.007
15.542,0.004,-0.001,1.006,1.006
15.553,-0.006,0.006,1.006,1.006
15.562,-0.008,0.007,1.003,1.003
15.572,-0.004,0.005,1.006,1.006
15.603,0.003,-0.001,1.007,1.007
15.604,0.013,-0.006,1.005,1.005
15.605,0.022,-0.012,1.006,1.006
15.619,0.023,-0.014,1.005,1.005
15.622,0.021,-0.011,1.005,1.005
15.636,0.014,-0.007,1.005,1.005
15.642,0.006,-0.000,1.005,1.005
15.654,-0.012,0.036,1.004,1.005
15.664,-0.058,0.088,1.002,1.008
15.673,-0.005,0.011,1.006,1.006
15.705,0.034,-0.026,1.006,1.007
15.709,0.055,-0.054,1.013,1.016
15.712,0.036,-0.065,1.005,1.007
15.713,0.027,-0.046,1.003,1.004
15.726,0.021,-0.036,1.007,1.008
15.737,0.006,-0.027,1.007,1.008
15.742,-0.014,-0.003,1.004,1.005
15.754,-0.025,0.022,1.005,1.006
15.762,-0.025,0.041,1.002,1.003
15.773,-0.013,0.045,1.003,1.004
15.798,0.005,0.033,1.004,1.004
15.799,0.015,0.001,1.007,1.007
15.802,0.030,-0.019,1.005,1.005
15.819,0.041,-0.028,1.005,1.006
15.823,0.039,-0.032,1.004,1.005
15.833,0.029,-0.023,1.006,1.006
15.842,0.010,-0.002,1.005,1.005
15.854,-0.012,0.012,1.004,1.005
15.869,-0.026,0.019,1.004,1.004
15.878,-0.026,0.020,1.004,1.005
15.893,-0.014,0.012,1.006,1.006
15.895,0.006,-0.002,1.006,1.006
15.924,0.025,-0.015,1.007,1.007
15.925,0.041,-0.023,1.006,1.007
15.927,0.043,-0.024,1.007,1.008
15.938,0.031,-0.018,1.005,1.006
15.943,0.011,-0.005,1.006,1.006
15.954,-0.007,0.007,1.005,1.005
15.976,-0.022,0.017,1.005,1.005
15.977,-0.022,0.017,1.005,1.005
16.012,-0.023,0.018,1.006,1.006
16.013,-0.014,0.012,1.006,1.006
16.014,0.003,0.000,1.004,1.004
16.015,0.022,-0.013,1.004,1.005
16.023,0.038,-0.020,1.005,1.006
16.035,0.039,-0.023,1.007,1.008
16.066,0.031,-0.018,1.006,1.007
16.067,0.014,-0.007,1.005,1.005
16.067,-0.004,0.006,1.005,1.005
16.078,-0.020,0.013,1.004,1.005
16.082,-0.023,0.017,1.005,1.005
16.093,-0.014,0.012,1.005,1.005
16.103,0.002,0.002,1.006,1.006
16.133,0.019,-0.012,1.006,1.006
16.134,0.034,-0.019,1.006,1.007
16.135,0.038,-0.022,1.005,1.006
16.143,0.032,-0.017,1.005,1.006
16.165,0.016,-0.009,1.006,1.006
16.167,-0.003,0.003,1.005,1.005
16.173,-0.017,0.013,1.003,1.003
16.183,-0.022,0.016,1.004,1.004
16.193,-0.015,0.011,1.005,1.005
16.227,0.001,0.003,1.005,1.005
16.229,0.018,-0.009,1.006,1.006
16.230,0.031,-0.017,1.005,1.006
16.233,0.035,-0.020,1.005,1.006
16.243,0.031,-0.018,1.005,1.006
16.254,0.018,-0.008,1.007,1.007
16.265,-0.001,0.002,1.004,1.004
16.273,-0.014,0.012,1.004,1.004
16.286,-0.019,0.016,1.004,1.005
16.293,-0.015,0.013,1.004,1.005
16.331,-0.001,0.005,1.005,1.005
16.334,0.015,-0.007,1.006,1.006
16.336,0.028,-0.015,1.006,1.006
16.340,0.035,-0.020,1.006,1.007
16.343,0.030,-0.016,1.007,1.008
16.354,0.018,-0.011,1.007,1.007
16.365,0.003,0.001,1.006,1.006
16.373,-0.010,0.010,1.003,1.004
16.383,-0.017,0.014,1.005,1.005
16.394,-0.013,0.012,1.006,1.006
16.414,-0.002,0.005,1.004,1.004
16.427,0.014,-0.005,1.004,1.004
16.429,0.027,-0.014,1.007,1.007
16.445,0.033,-0.018,1.007,1.008
16.446,0.033,-0.018,1.007,1.008
16.454,0.030,-0.017,1.008,1.009
16.466,0.019,-0.010,1.007,1.008
16.473,0.005,-0.003,1.008,1.008
16.486,-0.008,0.007,1.006,1.006
16.493,-0.016,0.012,1.004,1.004
16.516,-0.014,0.011,1.005,1.006
16.517,-0.003,0.004,1.005,1.005
16.528,0.010,-0.006,1.006,1.006
16.544,0.024,-0.014,1.006,1.006
16.545,0.029,-0.018,1.005,1.005
16.553,0.028,-0.017,1.005,1.006
16.564,0.019,-0.010,1.006,1.006
16.574,0.006,-0.001,1.005,1.005
16.583,-0.006,0.006,1.004,1.004
16.594,-0.012,0.010,1.005,1.005
16.612,-0.012,0.011,1.005,1.005
16.614,-0.003,0.004,1.006,1.006
16.623,0.011,-0.004,1.004,1.004
16.642,0.023,-0.013,1.005,1.006
16.643,0.029,-0.016,1.006,1.006
16.656,0.028,-0.015,1.006,1.006
16.675,0.019,-0.010,1.004,1.004
16.676,0.007,-0.001,1.003,1.003
16.694,-0.004,0.005,1.004,1.004
16.696,-0.012,0.010,1.002,1.003
16.703,-0.011,0.009,1.004,1.004
16.745,-0.004,0.005,1.006,1.006
16.746,0.007,-0.004,1.004,1.004
16.747,0.020,-0.010,1.005,1.005
16.748,0.027,-0.015,1.006,1.006
16.754,0.028,-0.015,1.006,1.006
16.766,0.021,-0.010,1.005,1.005
16.773,0.010,-0.003,1.005,1.005
16.783,-0.003,0.004,1.005,1.005
16.807,-0.010,0.009,1.007,1.007
16.807,-0.010,0.009,1.006,1.006
16.834,-0.004,0.005,1.004,1.004
16.835,0.009,-0.004,1.004,1.004
16.836,0.017,-0.009,1.005,1.006
16.850,0.026,-0.014,1.005,1.005
16.854,0.027,-0.014,1.007,1.007
16.866,0.021,-0.010,1.006,1.007
16.882,0.008,-0.005,1.006,1.006
16.884,-0.003,0.002,1.006,1.006
16.927,-0.009,0.008,1.005,1.005
16.928,-0.009,0.009,1.006,1.006
16.929,-0.009,0.009,1.006,1.006
16.930,-0.004,0.004,1.006,1.006
16.936,0.007,-0.002,1.005,1.005
16.949,0.016,-0.007,1.004,1.004
16.954,0.024,-0.013,1.006,1.006
16.965,0.025,-0.013,1.006,1.006
16.974,0.019,-0.010,1.005,1.005
16.984,0.010,-0.005,1.005,1.005
17.009,0.002,0.003,1.005,1.005
17.010,-0.006,0.007,1.006,1.006
17.040,-0.009,0.008,1.006,1.006
17.041,-0.005,0.006,1.004,1.004
17.042,0.007,0.000,1.005,1.005
17.072,0.017,-0.008,1.006,1.007
17.072,0.022,-0.012,1.005,1.005
17.073,0.024,-0.014,1.007,1.007
17.074,0.020,-0.011,1.006,1.006
17.083,0.011,-0.004,1.004,1.004
17.107,0.002,0.001,1.005,1.005
17.108,-0.005,0.006,1.004,1.004
17.127,-0.008,0.008,1.006,1.006
17.128,-0.003,0.005,1.004,1.004
17.134,0.005,-0.002,1.004,1.004
17.149,0.014,-0.007,1.005,1.005
17.156,0.021,-0.012,1.005,1.005
17.164,0.022,-0.014,1.008,1.008
17.174,0.019,-0.010,1.005,1.006
17.197,0.012,-0.006,1.005,1.005
17.198,0.003,-0.000,1.005,1.005
17.204,-0.003,0.006,1.005,1.005
17.223,-0.007,0.006,1.005,1.005
17.224,-0.004,0.003,1.006,1.006
17.237,0.006,-0.003,1.006,1.006
17.245,0.014,-0.007,1.005,1.005
17.254,0.021,-0.011,1.006,1.006
17.266,0.022,-0.011,1.005,1.005
17.274,0.019,-0.009,1.004,1.004
17.284,0.012,-0.006,1.004,1.004
17.295,0.003,-0.000,1.007,1.007
17.342,-0.004,0.004,1.005,1.005
17.343,-0.007,0.005,1.003,1.003
17.345,-0.003,0.005,1.005,1.005
17.345,0.004,-0.001,1.005,1.005
17.353,0.012,-0.007,1.006,1.006
17.355,0.018,-0.011,1.005,1.005
17.381,0.021,-0.012,1.006,1.006
17.384,0.018,-0.010,1.005,1.005
17.385,0.018,-0.010,1.005,1.005
17.395,0.013,-0.008,1.004,1.004
17.404,0.006,-0.002,1.004,1.004
17.426,-0.003,0.003,1.005,1.005
17.427,-0.005,0.006,1.004,1.004
17.434,-0.004,0.004,1.007,1.007
17.446,0.003,0.001,1.007,1.007
17.454,0.011,-0.005,1.006,1.006
17.464,0.019,-0.009,1.006,1.007
17.506,0.021,-0.012,1.006,1.006
17.509,0.018,-0.010,1.005,1.005
17.515,0.012,-0.007,1.005,1.005
17.515,0.006,-0.001,1.004,1.004
17.516,-0.001,0.004,1.005,1.005
17.526,-0.005,0.007,1.003,1.003
17.535,-0.003,0.005,1.006,1.006
17.544,0.003,-0.001,1.005,1.005
17.554,0.012,-0.005,1.005,1.005
17.567,0.018,-0.009,1.003,1.003
17.581,0.019,-0.010,1.006,1.007
17.584,0.018,-0.010,1.007,1.007
17.614,0.014,-0.006,1.007,1.007
17.615,0.005,-0.002,1.004,1.004
17.616,0.000,-0.001,1.005,1.005
17.638,-0.001,0.004,1.006,1.006
17.648,-0.003,0.003,1.005,1.005
17.650,0.002,-0.001,1.004,1.004
17.655,0.009,-0.005,1.006,1.006
17.665,0.016,-0.009,1.005,1.006
17.675,0.019,-0.012,1.005,1.005
17.696,0.020,-0.010,1.007,1.007
17.697,0.014,-0.007,1.006,1.006
17.704,0.007,-0.001,1.005,1.005
17.718,0.002,0.000,1.005,1.005
17.725,-0.002,0.003,1.004,1.004
17.734,-0.000,0.003,1.005,1.005
17.747,0.003,0.001,1.005,1.005
17.754,0.009,-0.003,1.004,1.004
17.765,0.016,-0.007,1.004,1.004
17.781,0.019,-0.009,1.006,1.006
17.784,0.019,-0.011,1.005,1.005
17.797,0.014,-0.006,1.006,1.006
17.805,0.007,-0.003,1.005,1.005
17.828,0.001,0.000,1.004,1.004
17.829,-0.001,0.003,1.006,1.006
17.845,-0.001,0.003,1.006,1.006
17.846,-0.001,0.003,1.006,1.006
17.854,0.003,0.002,1.006,1.006
17.865,0.009,-0.002,1.004,1.004
17.877,0.014,-0.005,1.005,1.005
17.884,0.017,-0.009,1.006,1.006
17.895,0.017,-0.009,1.007,1.007
17.904,0.016,-0.006,1.007,1.007
17.928,0.009,-0.004,1.004,1.004
17.929,0.004,0.001,1.006,1.006
17.935,0.000,0.004,1.005,1.005
17.959,0.001,0.003,1.006,1.006
17.964,0.003,-0.001,1.006,1.006
17.965,0.008,-0.004,1.004,1.004
17.978,0.013,-0.007,1.006,1.006
17.984,0.017,-0.007,1.006,1.006
17.995,0.016,-0.008,1.005,1.005
18.004,0.013,-0.008,1.005,1.005
18.030,0.009,-0.004,1.004,1.004
18.031,0.002,-0.002,1.004,1.004
18.035,-0.001,0.001,1.005,1.005
18.046,-0.002,0.004,1.005,1.005
18.060,0.002,0.002,1.006,1.006
18.068,0.009,-0.002,1.005,1.005
18.076,0.013,-0.002,1.006,1.006
18.084,-0.042,0.149,1.000,1.012
18.095,0.011,0.040,1.005,1.006
18.104,0.049,-0.062,1.008,1.011
18.134,0.034,-0.088,1.018,1.022
18.135,0.011,-0.102,0.999,1.004
18.137,0.011,-0.079,1.004,1.007
18.145,0.004,-0.052,1.005,1.006
18.155,0.005,-0.023,1.008,1.008
18.165,0.003,0.022,1.004,1.004
18.179,-0.001,0.057,1.004,1.005
18.185,0.000,0.077,1.001,1.004
18.196,-0.003,0.067,1.005,1.008
18.205,-0.004,0.043,1.004,1.005
18.238,0.011,0.017,1.006,1.006
18.239,0.025,-0.013,1.006,1.006
18.242,0.031,-0.039,1.008,1.010
18.251,0.028,-0.056,1.008,1.010
18.257,0.017,-0.057,1.010,1.011
18.265,0.015,-0.029,1.008,1.009
18.277,-0.001,-0.010,1.006,1.006
18.285,-0.014,0.010,1.005,1.005
18.296,-0.020,0.025,1.004,1.004
18.345,-0.014,0.032,1.004,1.004
18.351,-0.014,0.032,1.004,1.004
18.352,-0.001,0.027,1.003,1.004
18.353,0.007,0.002,1.005,1.005
18.354,0.020,-0.016,1.006,1.006
18.355,0.034,-0.022,1.007,1.007
18.365,0.039,-0.022,1.008,1.009
18.376,0.032,-0.018,1.005,1.005
18.385,0.013,-0.008,1.006,1.006
18.413,-0.005,0.004,1.004,1.004
18.415,-0.019,0.015,1.004,1.004
18.416,-0.022,0.018,1.004,1.005
18.432,-0.014,0.012,1.005,1.005
18.436,0.002,0.003,1.004,1.004
18.445,0.019,-0.010,1.007,1.007
18.457,0.032,-0.019,1.006,1.007
18.466,0.037,-0.022,1.007,1.008
18.478,0.030,-0.018,1.007,1.007
18.485,0.015,-0.008,1.005,1.006
18.498,-0.003,0.004,1.006,1.006
18.508,-0.016,0.013,1.003,1.003
18.544,-0.020,0.016,1.005,1.005
18.546,-0.014,0.012,1.004,1.004
18.547,-0.002,0.004,1.004,1.004
18.548,0.016,-0.008,1.006,1.006
18.576,0.030,-0.015,1.007,1.007
18.577,0.036,-0.019,1.007,1.008
18.578,0.031,-0.016,1.006,1.007
18.585,0.018,-0.009,1.005,1.006
18.602,0.001,0.001,1.003,1.003
18.636,-0.012,0.010,1.004,1.004
18.637,-0.021,0.013,1.003,1.003
18.640,-0.017,0.012,1.005,1.005
18.641,-0.001,0.003,1.005,1.005
18.655,0.015,-0.008,1.005,1.006
18.656,0.027,-0.015,1.005,1.006
18.665,0.034,-0.020,1.005,1.006
18.678,0.030,-0.017,1.005,1.005
18.685,0.019,-0.008,1.006,1.006
18.706,0.003,0.001,1.005,1.005
18.707,-0.010,0.009,1.004,1.004
18.715,-0.018,0.012,1.006,1.006
18.726,-0.015,0.010,1.007,1.007
18.737,-0.003,0.006,1.007,1.007
18.746,0.012,-0.005,1.007,1.007
18.758,0.025,-0.014,1.007,1.008
18.776,0.032,-0.019,1.006,1.007
18.777,0.032,-0.019,1.006,1.007
18.785,0.028,-0.016,1.007,1.008
18.796,0.019,-0.010,1.006,1.006
18.823,0.005,-0.000,1.005,1.005
18.824,-0.007,0.009,1.005,1.005
18.826,-0.016,0.011,1.004,1.005
18.835,-0.012,0.012,1.006,1.006
18.845,-0.004,0.006,1.006,1.006
18.858,0.010,-0.004,1.006,1.006
18.865,0.022,-0.012,1.007,1.007
18.876,0.029,-0.016,1.006,1.007
18.885,0.028,-0.015,1.005,1.006
18.895,0.021,-0.011,1.004,1.004
18.925,0.007,-0.003,1.003,1.003
18.927,-0.005,0.006,1.004,1.004
18.928,-0.013,0.010,1.006,1.006
18.936,-0.012,0.010,1.006,1.006
18.947,-0.002,0.005,1.006,1.006
18.967,0.009,-0.004,1.005,1.005
18.968,0.020,-0.010,1.006,1.006
18.977,0.028,-0.016,1.004,1.005
18.986,0.029,-0.014,1.005,1.006
18.996,0.019,-0.011,1.005,1.005
19.046,0.007,-0.003,1.004,1.004
19.048,-0.004,0.004,1.006,1.006
19.049,-0.011,0.009,1.004,1.004
19.050,-0.011,0.009,1.004,1.004
19.077,-0.004,0.004,1.006,1.006
19.078,0.008,-0.001,1.006,1.006
19.079,0.019,-0.011,1.006,1.007
19.079,0.026,-0.013,1.006,1.007
19.087,0.027,-0.014,1.006,1.006
19.112,0.020,-0.011,1.007,1.008
19.113,0.011,-0.004,1.005,1.005
19.118,0.000,0.005,1.005,1.005
19.127,-0.010,0.009,1.004,1.005
19.136,-0.010,0.009,1.005,1.005
19.146,-0.003,0.007,1.006,1.006
19.158,0.005,-0.002,1.006,1.006
19.166,0.018,-0.009,1.006,1.006
19.178,0.025,-0.014,1.007,1.007
19.186,0.026,-0.014,1.006,1.007
19.196,0.028,-0.020,0.989,0.990
19.227,0.031,-0.002,1.016,1.016
19.228,0.017,0.007,1.025,1.025
19.230,-0.054,0.014,0.977,0.979
19.249,-0.047,0.014,1.024,1.025
19.251,-0.047,0.014,1.024,1.025
19.259,-0.017,0.024,0.995,0.996
19.266,0.004,0.002,1.011,1.011
19.278,0.037,-0.015,1.005,1.006
19.286,0.054,-0.032,1.004,1.006
19.296,0.061,-0.035,1.009,1.012
19.328,0.052,-0.026,1.003,1.004
19.332,0.016,-0.015,1.008,1.008
19.333,-0.016,0.013,1.005,1.005
19.366,-0.040,0.029,1.002,1.004
19.367,-0.049,0.032,1.004,1.006
19.368,-0.035,0.026,1.004,1.005
19.371,-0.006,0.008,1.005,1.005
19.377,0.027,-0.014,1.005,1.005
19.388,0.055,-0.032,1.006,1.008
19.399,0.065,-0.039,1.007,1.010
19.469,0.053,-0.031,1.006,1.008
19.477,0.025,-0.013,1.005,1.005
19.479,-0.009,0.008,1.008,1.008
19.480,-0.034,0.025,1.003,1.004
19.482,-0.044,0.031,1.002,1.003
19.483,-0.036,0.027,1.004,1.005
19.485,-0.012,0.010,1.005,1.005
19.487,0.021,-0.011,1.004,1.004
19.489,0.047,-0.027,1.007,1.008
19.509,0.059,-0.036,1.007,1.009
19.511,0.052,-0.031,1.005,1.007
19.517,0.028,-0.016,1.006,1.007
19.527,-0.002,0.005,1.006,1.006
19.580,-0.028,0.020,1.004,1.004
19.582,-0.042,0.027,1.003,1.005
19.592,-0.035,0.023,1.004,1.005
19.593,-0.014,0.010,1.006,1.006
19.594,0.015,-0.008,1.005,1.006
19.602,0.043,-0.023,1.007,1.008
19.603,0.055,-0.030,1.006,1.008
19.607,0.051,-0.028,1.006,1.008
19.616,0.032,-0.018,1.007,1.007
19.638,0.004,-0.000,1.004,1.004
19.640,-0.023,0.018,1.004,1.005
19.646,-0.038,0.026,1.005,1.006
19.657,-0.036,0.024,1.003,1.004
19.666,-0.018,0.014,1.004,1.004
19.677,0.010,-0.002,1.006,1.006
19.688,0.036,-0.020,1.006,1.007
19.707,0.051,-0.029,1.007,1.008
19.708,0.051,-0.029,1.007,1.008
19.716,0.049,-0.028,1.007,1.009
19.749,0.032,-0.019,1.007,1.008
19.750,0.008,-0.003,1.004,1.004
19.751,-0.018,0.014,1.005,1.005
19.759,-0.033,0.022,1.005,1.006
19.766,-0.032,0.025,1.003,1.004
19.776,-0.017,0.014,1.005,1.005
19.790,0.008,-0.001,1.005,1.005
19.796,0.031,-0.017,1.007,1.007
19.806,0.045,-0.026,1.007,1.009
19.817,0.046,-0.028,1.008,1.009
19.831,0.034,-0.019,1.007,1.008
19.846,0.013,-0.006,1.005,1.005
19.847,-0.013,0.010,1.004,1.004
19.861,-0.029,0.020,1.004,1.005
19.866,-0.031,0.022,1.004,1.005
19.883,-0.019,0.013,1.005,1.005
19.891,0.003,0.001,1.006,1.006
19.896,0.027,-0.015,1.006,1.007
19.906,0.042,-0.025,1.004,1.005
19.916,0.044,-0.027,1.005,1.006
19.932,0.035,-0.020,1.004,1.005
19.942,0.014,-0.009,1.006,1.006
19.953,-0.009,0.008,1.005,1.005
19.956,-0.026,0.019,1.003,1.004
19.966,-0.029,0.021,1.004,1.004
19.977,-0.018,0.017,1.004,1.005
19.988,0.000,0.003,1.006,1.006
19.997,0.021,-0.011,1.006,1.006
20.007,0.038,-0.023,1.006,1.007
20.017,0.044,-0.025,1.006,1.008
20.052,0.037,-0.021,1.006,1.007
20.053,0.019,-0.010,1.005,1.006
20.068,-0.003,0.006,1.003,1.004
20.069,-0.021,0.016,1.004,1.004
20.069,-0.027,0.020,1.003,1.004
20.081,-0.019,0.014,1.002,1.002
20.089,-0.002,0.004,1.005,1.005
20.096,0.018,-0.009,1.005,1.005
20.107,0.034,-0.019,1.005,1.006
20.136,0.040,-0.023,1.007,1.008
20.138,0.035,-0.020,1.007,1.008
20.138,0.020,-0.010,1.008,1.008
20.147,-0.000,0.002,1.008,1.008
20.158,-0.018,0.013,1.006,1.006
20.178,-0.027,0.018,1.006,1.006
20.179,-0.027,0.018,1.006,1.006
20.189,-0.020,0.014,1.006,1.006
20.197,-0.004,0.007,1.006,1.006
20.207,0.015,-0.007,1.006,1.006
20.218,0.032,-0.019,1.005,1.006
20.227,0.038,-0.021,1.006,1.007
20.254,0.034,-0.021,1.006,1.007
20.265,0.024,-0.022,0.967,0.967
20.267,0.019,0.004,1.057,1.058
20.268,-0.023,0.014,0.995,0.995
20.277,-0.053,0.018,1.000,1.002
20.292,-0.037,0.029,1.005,1.006
20.300,-0.002,0.017,1.006,1.006
20.309,0.027,-0.010,1.005,1.005
20.320,0.048,-0.033,1.011,1.012
20.327,0.065,-0.038,1.007,1.010
20.348,0.058,-0.033,1.007,1.010
20.350,0.027,-0.017,1.006,1.006
20.368,-0.008,0.007,1.006,1.006
20.369,-0.038,0.028,1.004,1.005
20.377,-0.051,0.035,1.005,1.007
20.387,-0.042,0.029,1.004,1.006
20.397,-0.016,0.014,1.008,1.008
20.407,0.020,-0.010,1.008,1.008
20.443,0.049,-0.029,1.006,1.007
20.444,0.064,-0.039,1.008,1.011
20.445,0.056,-0.035,1.006,1.008
20.469,0.031,-0.019,1.006,1.007
20.471,-0.001,0.002,1.006,1.006
20.472,-0.031,0.021,1.007,1.008
20.480,-0.046,0.031,1.004,1.006
20.489,-0.041,0.028,1.003,1.004
20.497,-0.021,0.015,1.006,1.006
20.507,0.014,-0.007,1.007,1.007
20.552,0.045,-0.023,1.006,1.007
20.553,0.059,-0.035,1.006,1.008
20.554,0.056,-0.032,1.007,1.009
20.558,0.036,-0.020,1.005,1.006
20.559,0.005,-0.001,1.004,1.004
20.581,-0.026,0.018,1.004,1.005
20.583,-0.041,0.029,1.003,1.004
20.592,-0.040,0.027,1.004,1.005
20.598,-0.022,0.016,1.005,1.005
20.615,0.007,-0.002,1.005,1.005
20.639,0.037,-0.021,1.006,1.007
20.641,0.054,-0.032,1.006,1.008
20.641,0.054,-0.032,1.006,1.008
20.651,0.054,-0.032,1.007,1.009
20.667,0.037,-0.021,1.006,1.007
20.667,0.009,-0.006,1.005,1.005
20.677,-0.018,0.013,1.005,1.005
20.687,-0.036,0.027,1.003,1.005
20.697,-0.038,0.027,1.005,1.006
20.707,-0.024,0.016,1.005,1.006
20.736,0.003,0.000,1.006,1.006
20.746,0.033,-0.018,1.006,1.006
20.747,0.050,-0.029,1.006,1.007
20.748,0.052,-0.032,1.004,1.006
20.759,0.038,-0.023,1.005,1.006
20.772,0.015,-0.008,1.005,1.005
20.778,-0.013,0.011,1.003,1.003
20.787,-0.031,0.022,1.003,1.003
20.797,-0.036,0.024,1.002,1.003
20.807,-0.024,0.018,1.006,1.006
20.833,-0.004,0.002,1.006,1.006
20.834,0.025,-0.013,1.007,1.007
20.840,0.046,-0.025,1.006,1.007
20.847,0.050,-0.029,1.006,1.008
20.858,0.039,-0.023,1.005,1.006
20.872,0.016,-0.010,1.006,1.006
20.877,-0.009,0.008,1.003,1.003
20.888,-0.027,0.020,1.005,1.006
20.898,-0.032,0.023,1.003,1.003
20.911,-0.024,0.017,1.005,1.005
20.919,-0.003,0.004,1.006,1.006
20.954,0.021,-0.012,1.005,1.005
20.955,0.041,-0.023,1.007,1.008
20.956,0.048,-0.029,1.007,1.008
20.963,0.040,-0.023,1.006,1.007
20.978,0.019,-0.010,1.006,1.006
20.979,-0.003,0.005,1.004,1.004
20.997,-0.022,0.015,1.004,1.004
20.999,-0.030,0.020,1.005,1.006
21.015,-0.024,0.018,1.004,1.005
21.021,-0.007,0.005,1.004,1.005
21.027,0.018,-0.008,1.004,1.004
21.039,0.036,-0.020,1.007,1.008
21.053,0.044,-0.026,1.007,1.008
21.092,0.018,0.054,1.001,1.002
21.094,-0.041,0.166,0.998,1.013
21.095,-0.010,0.141,1.011,1.021
21.096,0.003,-0.072,1.044,1.046
21.109,-0.049,-0.124,1.003,1.012
21.110,-0.049,-0.124,1.003,1.012
21.130,0.005,-0.129,0.976,0.984
21.132,0.057,-0.146,1.001,1.013
21.155,0.086,-0.130,1.011,1.023
21.159,0.083,-0.078,1.004,1.011
21.160,0.047,0.001,1.004,1.005
21.170,0.001,0.074,0.984,0.987
21.178,-0.025,0.094,1.006,1.011
21.188,-0.025,0.088,1.022,1.026
21.205,-0.044,0.099,0.997,1.003
21.208,-0.069,0.064,1.006,1.011
21.221,-0.019,0.051,0.998,1.000
21.228,0.018,0.000,1.007,1.007
21.270,0.052,-0.047,1.007,1.010
21.272,0.070,-0.082,1.010,1.015
21.273,0.058,-0.090,1.005,1.011
21.275,0.032,-0.076,1.007,1.011
21.278,-0.003,-0.045,1.006,1.007
21.289,-0.037,-0.004,1.005,1.006
21.303,-0.048,0.034,1.004,1.006
21.308,-0.039,0.057,1.002,1.005
21.319,-0.017,0.069,1.003,1.005
21.327,0.019,0.056,1.003,1.005
21.348,0.048,0.030,1.007,1.008
21.356,0.063,0.001,1.005,1.007
21.358,0.055,-0.030,1.007,1.009
21.375,0.033,-0.048,1.006,1.008
21.387,0.001,-0.057,1.009,1.010
21.389,-0.036,-0.054,1.006,1.008
21.405,-0.039,-0.033,1.006,1.007
21.408,-0.037,-0.012,1.004,1.005
21.422,-0.016,0.011,1.005,1.005
21.428,0.015,0.027,1.003,1.004
21.439,0.040,0.036,1.004,1.006
21.475,0.056,0.037,1.004,1.006
21.476,0.052,0.031,1.004,1.006
21.478,0.033,0.018,1.005,1.005
21.479,0.005,0.000,1.005,1.005
21.506,-0.035,-0.031,1.004,1.005
21.508,-0.033,-0.032,1.005,1.006
21.509,-0.030,-0.036,1.005,1.006
21.518,-0.008,-0.034,1.006,1.006
21.528,0.018,-0.027,1.006,1.007
21.545,0.037,-0.013,1.007,1.008
21.569,0.047,0.004,1.006,1.007
21.570,0.040,0.024,1.004,1.005
21.578,0.021,0.035,1.004,1.005
21.588,-0.004,0.032,1.003,1.004
21.601,-0.027,0.020,1.002,1.003
21.608,-0.025,0.015,1.004,1.005
21.619,-0.022,-0.011,1.005,1.005
21.628,0.004,-0.023,1.006,1.007
21.651,0.026,-0.037,1.008,1.009
21.652,0.039,-0.038,1.006,1.008
21.658,0.039,-0.032,1.005,1.007
21.683,0.030,-0.017,1.007,1.007
21.684,0.011,0.003,1.006,1.006
21.688,-0.009,0.022,1.004,1.004
21.707,-0.023,0.031,1.004,1.005
21.708,-0.027,0.029,1.004,1.005
21.722,-0.018,0.016,1.005,1.005
21.728,0.007,0.002,1.005,1.005
21.741,0.030,-0.010,1.005,1.005
21.782,0.042,-0.022,1.007,1.008
21.783,0.042,-0.027,1.005,1.006
21.784,0.029,-0.025,1.006,1.007
21.785,0.005,-0.017,1.006,1.006
21.788,-0.016,-0.003,1.004,1.004
21.804,-0.027,0.009,1.005,1.005
21.808,-0.024,0.016,1.004,1.005
21.818,-0.012,0.016,1.006,1.006
21.828,0.009,0.011,1.005,1.005
21.848,0.030,0.001,1.005,1.006
21.849,0.041,-0.007,1.006,1.007
21.860,0.038,-0.012,1.004,1.005
21.885,0.026,-0.012,1.005,1.005
21.886,0.001,-0.016,1.006,1.006
21.888,-0.014,-0.011,1.005,1.005
21.902,-0.021,0.003,1.004,1.004
21.908,-0.017,0.006,1.004,1.004
21.921,-0.005,0.008,1.007,1.007
21.930,0.010,0.004,1.005,1.005
21.969,0.026,-0.000,1.005,1.005
21.970,0.032,-0.004,1.006,1.006
21.973,0.031,-0.008,1.004,1.005
21.974,0.020,-0.008,1.007,1.007
21.992,0.005,-0.008,1.007,1.007
21.993,-0.010,-0.005,1.004,1.004
22.012,-0.013,0.003,1.003,1.004
22.013,-0.009,0.007,1.005,1.005
22.019,-0.000,0.005,1.007,1.007
22.040,0.012,-0.000,1.006,1.006
22.040,0.012,-0.000,1.006,1.006
22.089,0.021,-0.005,1.006,1.006
22.098,0.024,-0.010,1.007,1.007
22.099,0.021,-0.012,1.006,1.006
22.099,0.013,-0.010,1.006,1.006
22.100,0.005,-0.005,1.006,1.006
22.107,-0.002,0.000,1.006,1.006
22.108,-0.006,0.007,1.005,1.005
22.119,-0.004,0.008,1.003,1.003
22.129,0.003,0.005,1.005,1.005
22.148,0.010,-0.004,1.005,1.005
22.149,0.017,-0.008,1.004,1.005
22.159,0.020,-0.010,1.004,1.004
22.172,0.021,-0.010,1.006,1.006
22.181,0.015,-0.008,1.006,1.006
22.188,0.008,-0.003,1.006,1.006
22.199,0.001,0.003,1.005,1.005
22.208,-0.006,0.006,1.005,1.005
22.219,-0.004,0.007,1.004,1.004
22.246,0.000,0.003,1.005,1.005
22.247,0.007,-0.002,1.004,1.004
22.259,0.014,-0.007,1.003,1.003
22.260,0.021,-0.009,1.006,1.006
22.270,0.021,-0.012,1.006,1.006
22.285,0.017,-0.008,1.004,1.004
22.289,0.008,-0.004,1.004,1.004
22.301,0.002,0.000,1.004,1.004
22.309,-0.003,0.004,1.005,1.005
22.319,-0.004,0.005,1.006,1.006
22.349,-0.000,0.003,1.004,1.004
22.350,0.007,-0.003,1.006,1.006
22.351,0.013,-0.005,1.006,1.006
22.362,0.017,-0.010,1.006,1.007
22.382,0.020,-0.011,1.004,1.004
22.383,0.017,-0.008,1.006,1.006
22.389,0.010,-0.004,1.006,1.006
22.401,0.004,0.002,1.005,1.005
22.411,-0.002,0.004,1.007,1.007
22.420,-0.005,0.006,1.006,1.006
22.430,0.001,0.004,1.007,1.007
22.458,0.007,-0.000,1.006,1.006
22.459,0.013,-0.006,1.006,1.007
22.480,0.016,-0.009,1.004,1.004
22.481,0.019,-0.009,1.006,1.006
22.482,0.017,-0.008,1.005,1.005
22.489,0.012,-0.004,1.006,1.006
22.509,0.005,-0.002,1.006,1.006
22.510,0.005,-0.002,1.006,1.006
22.520,-0.001,0.001,1.005,1.005
22.545,-0.003,0.006,1.005,1.005
22.545,0.001,0.004,1.008,1.008
22.549,0.005,-0.002,1.007,1.007
22.559,0.010,-0.007,1.004,1.005
22.569,0.017,-0.008,1.005,1.005
22.582,0.020,-0.011,1.005,1.005
22.589,0.016,-0.008,1.006,1.006
22.600,0.011,-0.005,1.005,1.005
22.609,0.115,-0.022,1.000,1.007
22.620,0.210,-0.024,1.025,1.046
22.635,0.178,-0.019,0.971,0.987
22.642,-0.130,-0.016,1.010,1.018
22.651,-0.217,-0.000,1.080,1.101
22.659,-0.173,0.031,0.908,0.924
22.700,-0.165,0.058,1.046,1.061
22.703,-0.024,0.080,0.995,0.999
22.704,0.080,-0.013,1.015,1.018
22.706,0.129,-0.033,0.996,1.005
22.710,0.141,-0.049,1.015,1.026
22.719,0.118,-0.049,1.006,1.014
22.730,0.045,-0.032,1.005,1.006
22.739,-0.036,-0.004,1.010,1.011
22.750,-0.100,0.016,0.998,1.004
22.760,-0.119,0.026,1.005,1.013
22.797,-0.065,0.031,1.005,1.007
22.799,-0.015,0.017,1.007,1.007
22.800,0.043,0.002,1.003,1.003
22.801,0.089,-0.012,1.008,1.012
22.809,0.106,-0.020,1.005,1.010
22.822,0.084,-0.019,1.008,1.012
22.830,0.033,-0.012,1.005,1.006
22.839,-0.023,-0.004,1.006,1.006
22.861,-0.074,-0.002,1.005,1.008
22.862,-0.093,0.002,1.002,1.007
22.869,-0.050,0.012,1.004,1.006
22.883,-0.004,0.003,1.005,1.005
22.889,0.040,-0.008,1.005,1.006
22.899,0.079,-0.011,1.005,1.008
22.909,0.091,-0.011,1.004,1.008
22.920,0.068,-0.005,1.005,1.007
22.932,0.024,0.004,1.005,1.006
22.940,-0.023,0.008,1.006,1.006
22.950,-0.075,-0.000,1.005,1.008
22.998,-0.069,0.002,1.003,1.006
22.999,-0.069,0.002,1.003,1.006
23.000,-0.034,0.006,1.006,1.006
23.001,0.009,-0.006,1.006,1.006
23.003,0.044,-0.013,1.005,1.006
23.009,0.073,-0.019,1.004,1.007
23.020,0.073,-0.015,1.005,1.008
23.036,0.047,-0.007,1.005,1.007
23.039,0.010,0.004,1.005,1.005
23.049,-0.027,0.011,1.004,1.004
23.061,-0.072,-0.001,1.005,1.007
23.096,-0.042,0.016,1.005,1.006
23.097,-0.018,0.009,1.005,1.005
23.100,0.013,-0.003,1.004,1.004
23.101,0.049,-0.013,1.006,1.007
23.114,0.062,-0.017,1.006,1.008
23.120,0.058,-0.016,1.008,1.009
23.131,0.033,-0.011,1.005,1.005
23.139,0.000,-0.002,1.005,1.005
23.150,-0.036,0.002,1.005,1.006
23.161,-0.046,0.009,1.003,1.004
23.194,-0.031,0.014,1.004,1.005
23.195,-0.012,0.009,1.006,1.006
23.196,0.019,-0.001,1.005,1.005
23.205,0.043,-0.009,1.006,1.007
23.223,0.056,-0.013,1.006,1.008
23.223,0.046,-0.013,1.006,1.007
23.231,0.025,-0.011,1.005,1.005
23.240,-0.000,-0.005,1.005,1.005
23.261,-0.039,-0.008,1.003,1.004
23.262,-0.028,0.011,1.004,1.005
23.271,-0.025,0.012,1.005,1.005
23.283,-0.003,0.009,1.005,1.005
23.289,0.021,0.000,1.005,1.005
23.301,0.038,-0.007,1.006,1.007
23.316,0.046,-0.012,1.005,1.006
23.319,0.039,-0.013,1.006,1.007
23.330,0.020,-0.010,1.005,1.006
23.340,-0.010,-0.012,1.005,1.005
23.353,-0.025,-0.005,1.002,1.003
23.382,-0.022,0.010,1.004,1.005
23.384,-0.014,0.010,1.004,1.004
23.385,0.003,0.007,1.006,1.006
23.390,0.022,0.001,1.005,1.005
23.413,0.034,-0.007,1.005,1.005
23.414,0.036,-0.010,1.005,1.005
23.421,0.028,-0.011,1.004,1.005
23.440,0.012,-0.009,1.004,1.004
23.446,0.012,-0.009,1.004,1.004
23.474,-0.011,-0.010,1.004,1.004
23.489,-0.018,-0.001,1.005,1.005
23.490,-0.016,0.009,1.006,1.007
23.492,-0.007,0.009,1.006,1.006
23.499,0.008,0.005,1.004,1.004
23.500,0.022,-0.001,1.007,1.007
23.510,0.028,-0.006,1.005,1.005
23.520,0.029,-0.009,1.005,1.006
23.530,0.020,-0.010,1.006,1.006
23.590,0.007,-0.011,1.005,1.005
23.593,-0.006,-0.006,1.006,1.006
23.601,-0.010,0.002,1.007,1.007
23.602,-0.007,0.007,1.006,1.006
23.603,-0.001,0.007,1.006,1.006
23.604,0.008,0.002,1.004,1.004
23.605,0.017,-0.002,1.005,1.005
23.626,0.021,-0.009,1.006,1.006
23.626,0.020,-0.011,1.006,1.006
23.630,0.014,-0.011,1.006,1.006
23.640,0.006,-0.008,1.006,1.006
23.655,0.001,-0.004,1.005,1.005
23.664,-0.002,0.004,1.006,1.006
23.670,-0.003,0.007,1.005,1.005
23.688,0.002,0.005,1.005,1.005
23.690,0.007,0.001,1.006,1.006
23.711,0.012,-0.004,1.005,1.005
23.711,0.017,-0.010,1.005,1.005
23.722,0.020,-0.011,1.005,1.006
23.730,0.017,-0.008,1.005,1.005
23.740,0.012,-0.005,1.003,1.004
23.753,0.004,-0.001,1.004,1.004
23.781,0.000,0.001,1.005,1.005
23.782,-0.003,0.003,1.005,1.005
23.783,-0.001,0.003,1.006,1.006
23.790,0.004,-0.002,1.006,1.006
23.801,0.011,-0.005,1.004,1.004
23.819,0.016,-0.008,1.005,1.005
23.821,0.018,-0.010,1.006,1.007
23.837,0.017,-0.009,1.005,1.005
23.842,0.011,-0.008,1.007,1.007
23.859,0.006,-0.002,1.006,1.006
23.861,0.003,0.003,1.006,1.006
23.871,0.003,0.002,1.004,1.004
23.911,0.090,-0.015,1.000,1.004
23.917,0.191,-0.029,1.020,1.038
23.918,0.191,-0.029,1.020,1.038
23.920,0.121,-0.034,0.993,1.001
23.921,-0.098,-0.029,1.002,1.007
23.930,-0.180,-0.009,1.015,1.031
23.941,-0.170,0.036,0.999,1.014
23.969,-0.139,0.064,1.012,1.023
23.976,-0.049,0.081,1.008,1.013
23.977,0.044,0.012,1.000,1.001
23.981,0.108,-0.020,1.010,1.016
23.994,0.137,-0.033,1.003,1.013
24.000,0.135,-0.045,1.011,1.021
24.016,0.099,-0.042,1.007,1.012
24.021,0.029,-0.023,1.009,1.009
24.036,-0.043,-0.002,1.004,1.005
24.042,-0.111,0.011,1.004,1.010
24.050,-0.105,0.022,1.004,1.010
24.070,-0.061,0.023,1.002,1.004
24.071,-0.004,0.013,1.007,1.007
24.111,0.052,-0.002,1.003,1.004
24.112,0.098,-0.013,1.007,1.012
24.112,0.107,-0.017,1.006,1.012
24.113,0.080,-0.014,1.007,1.011
24.120,0.025,-0.005,1.006,1.007
24.130,-0.032,0.003,1.007,1.007
24.157,-0.095,-0.003,1.006,1.010
24.158,-0.083,0.006,1.003,1.007
24.183,-0.046,0.010,1.004,1.005
24.184,0.005,-0.002,1.007,1.007
24.185,0.049,-0.011,1.004,1.005
24.195,0.086,-0.014,1.007,1.011
24.201,0.090,-0.011,1.007,1.011
24.214,0.059,-0.002,1.007,1.009
24.221,0.014,0.006,1.007,1.007
24.231,-0.032,0.011,1.004,1.004
24.260,-0.089,-0.006,1.004,1.008
24.264,-0.058,0.011,1.001,1.003
24.265,-0.027,0.004,1.005,1.005
24.273,0.016,-0.006,1.007,1.007
24.294,0.054,-0.015,1.006,1.008
24.295,0.076,-0.020,1.005,1.008
24.301,0.074,-0.015,1.004,1.006
24.312,0.041,-0.006,1.005,1.006
24.322,0.002,0.004,1.006,1.006
24.331,-0.034,0.010,1.004,1.004
24.344,-0.074,0.002,1.002,1.005
24.352,-0.041,0.018,1.004,1.005
24.372,-0.013,0.007,1.007,1.007
24.373,-0.013,0.007,1.007,1.007
24.407,0.018,-0.004,1.006,1.006
24.410,0.053,-0.015,1.005,1.007
24.416,0.065,-0.018,1.003,1.006
24.416,0.055,-0.015,1.006,1.008
24.421,0.029,-0.011,1.006,1.006
24.431,-0.005,-0.002,1.006,1.006
24.444,-0.044,-0.001,1.006,1.007
24.450,-0.040,0.012,1.002,1.003
24.461,-0.030,0.013,1.004,1.005
24.471,-0.008,0.010,1.006,1.006
24.506,0.024,-0.003,1.006,1.006
24.507,0.045,-0.009,1.004,1.005
24.508,0.055,-0.013,1.007,1.008
24.511,0.046,-0.014,1.005,1.006
24.521,0.022,-0.009,1.005,1.006
24.531,-0.007,-0.004,1.005,1.005
24.543,-0.039,-0.006,1.003,1.003
24.551,-0.030,0.012,1.005,1.006
24.562,-0.021,0.012,1.005,1.005
24.571,0.000,0.008,1.007,1.007
24.595,0.024,-0.000,1.005,1.005
24.596,0.040,-0.006,1.006,1.006
24.605,0.045,-0.012,1.006,1.007
24.622,0.036,-0.011,1.005,1.006
24.623,0.016,-0.008,1.005,1.006
24.630,-0.013,-0.011,1.005,1.005
24.646,-0.026,-0.001,1.004,1.004
24.651,-0.023,0.011,1.005,1.005
24.663,-0.012,0.009,1.003,1.003
24.671,0.006,0.005,1.003,1.003
24.700,0.023,-0.001,1.003,1.004
24.705,0.035,-0.008,1.004,1.005
24.706,0.035,-0.012,1.005,1.006
24.713,0.026,-0.012,1.006,1.007
24.722,0.009,-0.009,1.006,1.006
24.733,-0.013,-0.011,1.006,1.006
24.747,-0.016,0.002,1.005,1.005
24.751,-0.015,0.009,1.004,1.004
24.766,-0.005,0.010,1.006,1.006
24.773,0.010,0.004,1.005,1.005
24.806,0.021,-0.002,1.004,1.005
24.809,0.028,-0.007,1.004,1.005
24.811,0.027,-0.009,1.006,1.007
24.815,0.018,-0.011,1.006,1.006
24.832,0.005,-0.010,1.006,1.006
24.833,0.005,-0.010,1.006,1.006
24.843,-0.008,-0.005,1.004,1.004
24.851,-0.009,0.005,1.005,1.005
24.867,-0.006,0.008,1.004,1.004
24.906,-0.001,0.007,1.006,1.006
24.909,0.009,0.004,1.007,1.007
24.910,0.017,-0.002,1.006,1.006
24.911,0.020,-0.011,1.006,1.007
24.917,0.019,-0.013,1.007,1.007
24.924,0.015,-0.011,1.005,1.005
24.931,0.010,-0.008,1.006,1.006
24.943,0.002,-0.001,1.005,1.005
24.951,-0.004,0.004,1.004,1.004
24.961,-0.004,0.008,1.004,1.004
25.002,0.001,0.005,1.005,1.005
25.003,0.004,-0.001,1.006,1.006
25.004,0.013,-0.006,1.007,1.007
25.005,0.017,-0.010,1.005,1.006
25.028,0.017,-0.003,1.005,1.006
25.029,0.014,0.003,1.007,1.007
25.031,0.010,0.006,1.006,1.006
25.042,0.008,0.013,1.005,1.005
25.051,0.002,0.005,1.005,1.005
25.065,-0.006,-0.006,1.005,1.005
25.098,-0.003,-0.023,1.006,1.006
25.099,0.005,-0.032,1.005,1.006
25.100,0.014,-0.034,1.005,1.006
25.102,0.022,-0.027,1.006,1.007
25.122,0.026,-0.014,1.007,1.007
25.124,0.021,0.005,1.006,1.006
25.131,0.011,0.025,1.006,1.007
25.142,-0.002,0.037,1.004,1.005
25.151,-0.013,0.035,1.005,1.005
25.175,-0.015,0.024,1.004,1.004
25.177,-0.003,0.010,1.006,1.006
25.184,0.010,-0.009,1.005,1.005
25.205,0.022,-0.024,1.004,1.005
25.207,0.027,-0.032,1.006,1.007
25.214,0.025,-0.033,1.007,1.008
25.227,0.015,-0.025,1.006,1.007
25.231,0.003,-0.012,1.005,1.005
25.245,-0.009,0.004,1.004,1.004
25.251,-0.011,0.015,1.004,1.004
25.262,-0.009,0.023,1.004,1.004
25.304,0.003,0.021,1.005,1.005
25.305,0.013,0.013,1.005,1.005
25.308,0.022,0.003,1.007,1.008
25.309,0.022,0.003,1.007,1.008
25.311,0.027,-0.006,1.006,1.006
25.325,0.022,-0.014,1.006,1.006
25.331,0.011,-0.019,1.005,1.005
25.344,-0.001,-0.020,1.005,1.005
25.352,-0.005,-0.013,1.004,1.004
25.391,-0.006,-0.006,1.005,1.005
25.392,-0.002,-0.000,1.004,1.004
25.393,0.007,0.003,1.005,1.005
25.394,0.013,0.006,1.005,1.005
25.402,0.019,0.006,1.007,1.008
25.412,0.018,0.004,1.007,1.007
25.424,0.014,-0.001,1.005,1.005
25.432,0.008,-0.005,1.007,1.007
25.442,0.001,-0.009,1.004,1.004
25.452,-0.004,-0.009,1.004,1.004
25.468,0.000,-0.005,1.004,1.004
25.472,0.007,-0.004,1.005,1.005
25.491,0.011,-0.007,1.006,1.006
25.492,0.015,-0.007,1.006,1.006
25.502,0.015,-0.006,1.009,1.009
25.512,0.015,-0.006,1.009,1.009
25.525,0.017,-0.009,1.077,1.077
25.532,0.034,-0.022,1.024,1.025
25.542,0.019,0.004,0.924,0.924
25.551,0.008,0.008,0.935,0.935
25.567,0.021,-0.000,1.019,1.019
25.577,-0.004,0.012,1.085,1.085
25.587,-0.013,0.018,1.023,1.023
25.592,-0.030,0.015,0.991,0.991
25.603,-0.034,0.021,0.963,0.964
25.612,-0.018,0.015,0.986,0.986
25.624,-0.008,-0.000,1.044,1.044
25.632,0.004,-0.003,0.991,0.991
25.642,0.008,-0.009,0.972,0.972
25.652,0.022,-0.023,0.990,0.991
25.673,0.026,-0.027,1.003,1.004
25.676,0.022,-0.027,1.019,1.019
25.682,0.022,-0.030,1.012,1.012
25.704,0.019,-0.020,1.027,1.028
25.706,0.023,-0.006,1.005,1.005
25.712,0.024,0.003,1.012,1.012
25.726,0.026,0.010,1.004,1.004
25.732,0.023,0.013,1.009,1.009
25.743,0.019,0.012,1.006,1.006
25.778,0.012,0.007,1.006,1.006
25.779,0.012,0.007,1.006,1.006
25.780,0.005,0.001,1.006,1.006
25.782,-0.004,-0.001,1.003,1.003
25.792,-0.011,-0.003,1.004,1.004
25.804,-0.011,-0.005,1.004,1.004
25.812,-0.002,-0.008,1.006,1.006
25.823,0.005,-0.010,1.004,1.004
25.832,0.011,-0.011,1.005,1.005
25.842,0.017,-0.006,1.005,1.005
25.881,0.020,-0.003,1.007,1.007
25.882,0.019,-0.001,1.005,1.005
25.884,0.014,0.002,1.006,1.006
25.887,0.005,0.003,1.006,1.006
25.902,-0.000,0.002,1.007,1.007
25.903,-0.005,-0.001,1.006,1.006
25.913,-0.006,-0.005,1.004,1.004
25.924,-0.000,-0.007,1.003,1.003
25.932,0.008,-0.010,1.004,1.004
25.943,0.014,-0.010,1.004,1.004
25.992,0.017,-0.008,1.004,1.004
25.993,0.021,-0.006,1.005,1.005
25.994,0.017,-0.002,1.006,1.006
25.995,0.010,0.004,1.006,1.006
25.996,0.006,0.005,1.007,1.007
26.009,0.001,0.005,1.007,1.007
26.012,-0.002,0.004,1.006,1.006
26.022,-0.002,-0.000,1.005,1.005
26.032,0.004,-0.005,1.007,1.007
26.042,0.007,-0.008,1.006,1.006
26.052,0.012,-0.010,1.004,1.005
26.086,0.016,-0.007,1.005,1.005
26.088,0.015,-0.008,1.004,1.004
26.089,0.014,-0.004,1.006,1.006
26.097,0.011,-0.001,1.004,1.004
26.103,0.008,0.002,1.005,1.005
26.117,0.006,0.004,1.005,1.005
26.123,0.002,0.002,1.005,1.005
26.132,0.002,0.000,1.004,1.004
26.143,0.004,-0.004,1.004,1.004
26.177,0.006,-0.001,1.005,1.005
26.178,0.009,-0.007,1.007,1.007
26.178,0.011,-0.009,1.004,1.004
26.183,0.012,-0.011,1.003,1.003
26.193,0.013,-0.009,1.005,1.005
26.204,0.015,-0.006,1.005,1.005
26.213,0.011,-0.002,1.004,1.004
26.234,0.008,0.001,1.005,1.005
26.235,0.008,0.001,1.005,1.005
26.245,0.004,0.002,1.005,1.005
26.275,0.000,0.004,1.006,1.006
26.276,-0.000,0.003,1.005,1.005
26.277,0.001,0.002,1.006,1.006
26.291,0.006,-0.002,1.004,1.004
26.293,0.012,-0.006,1.005,1.005
26.305,0.015,-0.009,1.006,1.006
26.312,0.016,-0.011,1.004,1.004
26.323,0.015,-0.010,1.005,1.006
26.332,0.013,-0.006,1.005,1.005
26.342,0.006,-0.006,1.005,1.005
26.384,0.003,-0.002,1.004,1.004
26.387,0.001,0.003,1.006,1.006
26.388,-0.000,0.004,1.006,1.006
26.389,0.002,0.002,1.006,1.006
26.393,0.005,0.002,1.007,1.007
26.407,0.011,-0.003,1.004,1.004
26.412,0.015,-0.006,1.006,1.006
26.425,0.016,-0.008,1.005,1.005
26.432,0.015,-0.008,1.004,1.004
26.443,0.011,-0.007,1.006,1.006
26.474,0.006,-0.006,1.004,1.004
26.475,0.003,-0.002,1.004,1.004
26.476,0.001,0.001,1.002,1.002
26.512,0.002,0.000,1.006,1.006
26.514,0.004,0.000,1.005,1.005
26.515,0.007,0.001,1.008,1.008
26.518,0.011,-0.001,1.006,1.006
26.526,0.012,-0.001,1.005,1.005
26.535,0.013,-0.002,1.006,1.007
26.543,0.013,-0.006,1.004,1.004
26.576,0.011,-0.007,1.006,1.006
26.578,0.009,-0.007,1.007,1.007
26.579,0.006,-0.005,1.006,1.006
26.583,0.005,-0.004,1.005,1.005
26.609,0.005,-0.004,1.003,1.003
26.610,0.004,-0.001,1.004,1.004
26.613,0.005,0.000,1.006,1.006
26.635,0.007,0.001,1.005,1.005
26.636,0.008,0.000,1.006,1.006
26.643,0.011,-0.002,1.005,1.005
26.657,0.013,-0.003,1.004,1.004
26.664,0.013,-0.006,1.004,1.004
26.674,0.011,-0.008,1.007,1.007
26.707,0.008,-0.006,1.005,1.005
26.708,0.005,-0.007,1.005,1.005
26.709,0.005,-0.007,1.005,1.005
26.713,0.002,-0.005,1.004,1.004
26.743,-0.001,-0.003,1.006,1.006
26.745,0.003,-0.000,1.005,1.005
26.746,0.006,0.001,1.005,1.005
26.759,0.009,-0.000,1.006,1.006
26.763,0.012,0.001,1.005,1.005
26.784,0.015,-0.002,1.006,1.006
26.786,0.015,-0.004,1.005,1.006
26.807,0.010,-0.005,1.006,1.006
26.808,0.008,-0.005,1.006,1.006
26.813,0.005,-0.005,1.005,1.005
26.826,0.002,-0.005,1.007,1.007
26.834,0.003,-0.004,1.006,1.006
26.844,0.004,-0.002,1.007,1.007
26.877,0.006,-0.002,1.006,1.006
26.878,0.011,-0.001,1.004,1.004
26.879,0.013,0.001,1.006,1.006
26.883,0.014,-0.002,1.006,1.006
26.911,0.012,-0.001,1.006,1.006
26.912,0.009,-0.005,1.006,1.006
26.913,0.008,-0.005,1.005,1.005
26.926,0.005,-0.005,1.004,1.004
26.933,0.003,-0.005,1.004,1.004
26.943,0.004,-0.005,1.004,1.004
26.990,0.004,-0.004,1.005,1.005
26.991,0.006,-0.003,1.006,1.006
26.993,0.007,-0.001,1.006,1.006
26.994,0.009,-0.001,1.007,1.007
26.996,0.010,-0.000,1.005,1.005
27.011,0.011,-0.000,1.006,1.006
27.014,0.011,-0.002,1.004,1.004
27.025,0.011,-0.004,1.005,1.005
27.035,0.008,-0.006,1.004,1.004
27.046,0.005,-0.005,1.006,1.006
27.053,0.005,-0.005,1.005,1.005
27.063,0.004,-0.006,1.005,1.005
27.083,0.006,-0.004,1.006,1.006
27.084,0.007,-0.003,1.007,1.007
27.093,0.009,-0.001,1.006,1.006
27.103,0.009,-0.001,1.005,1.005
27.113,0.011,-0.001,1.006,1.006
27.124,0.010,-0.001,1.003,1.003
27.138,0.011,-0.003,1.005,1.005
27.147,0.009,-0.003,1.004,1.004
27.171,0.007,-0.004,1.005,1.005
27.173,0.005,-0.005,1.004,1.004
27.187,0.003,-0.006,1.006,1.006
27.193,0.003,-0.005,1.004,1.004
27.229,0.005,-0.003,1.005,1.005
27.234,0.010,-0.003,1.004,1.005
27.234,0.010,-0.001,1.006,1.006
27.235,0.012,0.000,1.004,1.004
27.244,0.012,-0.001,1.005,1.006
27.255,0.011,-0.001,1.004,1.005
27.266,0.009,-0.003,1.004,1.004
27.273,0.007,-0.002,1.006,1.006
27.299,0.004,-0.003,1.005,1.005
27.300,0.003,-0.004,1.003,1.003
27.303,0.005,-0.004,1.006,1.006
27.313,0.007,-0.004,1.005,1.005
27.328,0.008,-0.003,1.005,1.005
27.340,0.011,-0.002,1.006,1.006
27.343,0.011,-0.002,1.006,1.006
27.360,0.010,-0.002,1.005,1.005
27.366,0.010,-0.001,1.005,1.005
27.380,0.009,-0.002,1.004,1.005
27.417,0.008,-0.003,1.005,1.005
27.418,0.008,-0.003,1.006,1.006
27.418,0.008,-0.005,1.005,1.005
27.420,0.007,-0.006,1.006,1.006
27.424,0.064,0.008,1.081,1.083
27.443,0.016,-0.015,1.321,1.321
27.445,-0.134,-0.023,0.361,0.386
27.454,0.060,0.021,1.318,1.320
27.466,-0.015,0.001,0.964,0.964
27.483,-0.051,-0.005,0.835,0.837
27.485,-0.030,-0.012,0.967,0.967
27.507,0.106,0.019,1.178,1.183
27.508,-0.008,-0.011,1.010,1.010
